357410.413380073,3462271.59448959,23.827,SE115_01-03F_i_001.jpg
357410.403860569,3462271.59461888,23.857,SE115_01-03F_i_002.jpg
357410.413530612,3462271.60557436,23.87,SE115_01-03F_i_003.jpg
357410.412777914,3462271.55015054,23.876,SE115_01-03F_i_004.jpg
357410.431816916,3462271.54989198,23.902,SE115_01-03F_i_005.jpg
357410.432268535,3462271.58314627,23.9,SE115_01-03F_i_006.jpg
357410.413229533,3462271.58340483,23.913,SE115_01-03F_i_007.jpg
357410.431967455,3462271.56097674,23.914,SE115_01-03F_i_008.jpg
357410.413078993,3462271.57232007,23.904,SE115_01-03F_i_009.jpg
357410.40355949,3462271.57244935,23.891,SE115_01-03F_i_010.jpg
357410.413380073,3462271.59448959,23.877,SE115_01-03F_i_011.jpg
357410.432117995,3462271.5720615,23.898,SE115_01-03F_i_012.jpg
357410.422598494,3462271.57219079,23.891,SE115_01-03F_i_013.jpg
357410.451156997,3462271.57180294,23.89,SE115_01-03F_i_014.jpg
357410.432870693,3462271.62748532,23.898,SE115_01-03F_i_015.jpg
357410.442239654,3462271.61627127,23.885,SE115_01-03F_i_016.jpg
357410.460827037,3462271.58275842,23.861,SE115_01-03F_i_017.jpg
357410.451006457,3462271.56071818,23.878,SE115_01-03F_i_018.jpg
357410.432117995,3462271.5720615,23.879,SE115_01-03F_i_019.jpg
357410.422598494,3462271.57219079,23.899,SE115_01-03F_i_020.jpg
357410.451156997,3462271.57180294,23.889,SE115_01-03F_i_021.jpg
357410.508274004,3462271.57102725,23.915,SE115_01-03F_i_022.jpg
357410.517793503,3462271.57089797,23.922,SE115_01-03F_i_023.jpg
357410.479564962,3462271.56033033,23.907,SE115_01-03F_i_024.jpg
357410.38467103,3462271.58379268,23.845,SE115_01-03F_i_025.jpg
357410.460074339,3462271.52733461,23.899,SE115_01-03F_i_026.jpg
357410.470195998,3462271.57154438,23.877,SE115_01-03F_i_027.jpg
357410.441938575,3462271.59410175,23.874,SE115_01-03F_i_028.jpg
357410.422297415,3462271.55002126,23.869,SE115_01-03F_i_029.jpg
357410.38497211,3462271.6059622,23.847,SE115_01-03F_i_030.jpg
357410.38497211,3462271.6059622,23.859,SE115_01-03F_i_031.jpg
357410.394190531,3462271.5836634,23.862,SE115_01-03F_i_032.jpg
357410.412928454,3462271.56123531,23.849,SE115_01-03F_i_033.jpg
357410.413078993,3462271.57232007,23.884,SE115_01-03F_i_034.jpg
357410.451156997,3462271.57180294,23.897,SE115_01-03F_i_035.jpg
357410.441486956,3462271.56084746,23.872,SE115_01-03F_i_036.jpg
357410.460525958,3462271.5605889,23.888,SE115_01-03F_i_037.jpg
357410.46974438,3462271.53829009,23.869,SE115_01-03F_i_038.jpg
357410.460676498,3462271.57167366,23.865,SE115_01-03F_i_039.jpg
357410.450705378,3462271.53854865,23.889,SE115_01-03F_i_040.jpg
357410.479263883,3462271.53816081,23.895,SE115_01-03F_i_041.jpg
357410.488933921,3462271.54911629,23.889,SE115_01-03F_i_042.jpg
357410.498453424,3462271.54898701,23.895,SE115_01-03F_i_043.jpg
357410.479263883,3462271.53816081,23.878,SE115_01-03F_i_044.jpg
357410.460525958,3462271.5605889,23.864,SE115_01-03F_i_045.jpg
357410.431967455,3462271.56097674,23.904,SE115_01-03F_i_046.jpg
357410.441336417,3462271.5497627,23.922,SE115_01-03F_i_047.jpg
357410.451006457,3462271.56071818,23.898,SE115_01-03F_i_048.jpg
357410.441336417,3462271.5497627,23.894,SE115_01-03F_i_049.jpg
357410.441336417,3462271.5497627,23.887,SE115_01-03F_i_050.jpg
357410.470045459,3462271.56045961,23.9,SE115_01-03F_i_051.jpg
357410.470346538,3462271.58262914,23.868,SE115_01-03F_i_052.jpg
357410.479414422,3462271.54924557,23.864,SE115_01-03F_i_053.jpg
357410.517944042,3462271.58198273,23.859,SE115_01-03F_i_054.jpg
357410.470497078,3462271.5937139,23.916,SE115_01-03F_i_055.jpg
357410.460525958,3462271.5605889,23.92,SE115_01-03F_i_056.jpg
357410.441336417,3462271.5497627,23.9,SE115_01-03F_i_057.jpg
357410.470195998,3462271.57154438,23.88,SE115_01-03F_i_058.jpg
357410.517642963,3462271.5598132,23.887,SE115_01-03F_i_059.jpg
357410.431515837,3462271.52772245,23.876,SE115_01-03F_i_060.jpg
357410.431967455,3462271.56097674,23.893,SE115_01-03F_i_061.jpg
357410.431816916,3462271.54989198,23.878,SE115_01-03F_i_062.jpg
357410.421996336,3462271.52785174,23.889,SE115_01-03F_i_063.jpg
357410.431967455,3462271.56097674,23.887,SE115_01-03F_i_064.jpg
357427.990805877,3462261.86548322,23.889,SE115_01-03F_j_001.jpg
357428.047922932,3462261.86470762,23.87,SE115_01-03F_j_002.jpg
357428.029034434,3462261.87605092,23.908,SE115_01-03F_j_003.jpg
357428.028883914,3462261.86496615,23.914,SE115_01-03F_j_004.jpg
357428.019514925,3462261.87618018,23.89,SE115_01-03F_j_005.jpg
357428.009995416,3462261.87630945,23.851,SE115_01-03F_j_006.jpg
357428.076481461,3462261.86431982,23.908,SE115_01-03F_j_007.jpg
357428.057291923,3462261.85349359,23.908,SE115_01-03F_j_008.jpg
357428.028883914,3462261.86496615,23.913,SE115_01-03F_j_009.jpg
357428.028733393,3462261.85388139,23.921,SE115_01-03F_j_010.jpg
357428.038102382,3462261.84266736,23.895,SE115_01-03F_j_011.jpg
357428.047621891,3462261.8425381,23.891,SE115_01-03F_j_012.jpg
357428.019213884,3462261.85401066,23.907,SE115_01-03F_j_013.jpg
357428.019364404,3462261.86509542,23.891,SE115_01-03F_j_014.jpg
357428.038252902,3462261.85375213,23.87,SE115_01-03F_j_015.jpg
357428.018912843,3462261.83184113,23.866,SE115_01-03F_j_016.jpg
357428.028582873,3462261.84279663,23.854,SE115_01-03F_j_017.jpg
357428.038403423,3462261.86483689,23.86,SE115_01-03F_j_018.jpg
357428.057442443,3462261.86457836,23.878,SE115_01-03F_j_019.jpg
357428.029034434,3462261.87605092,23.91,SE115_01-03F_j_020.jpg
357428.010145937,3462261.88739421,23.898,SE115_01-03F_j_021.jpg
357428.048675534,3462261.92013143,23.883,SE115_01-03F_j_022.jpg
357428.038854984,3462261.89809117,23.893,SE115_01-03F_j_023.jpg
357428.001529551,3462261.95403205,23.881,SE115_01-03F_j_024.jpg
357428.010597498,3462261.9206485,23.876,SE115_01-03F_j_025.jpg
357427.991709001,3462261.93199179,23.885,SE115_01-03F_j_026.jpg
357428.048976575,3462261.94230096,23.889,SE115_01-03F_j_027.jpg
357428.029937557,3462261.94255949,23.855,SE115_01-03F_j_028.jpg
357428.020117007,3462261.92051923,23.844,SE115_01-03F_j_029.jpg
357428.029787037,3462261.93147473,23.862,SE115_01-03F_j_030.jpg
357428.001077989,3462261.92077776,23.853,SE115_01-03F_j_031.jpg
357428.029184955,3462261.88713568,23.853,SE115_01-03F_j_032.jpg
357428.038553943,3462261.87592165,23.87,SE115_01-03F_j_033.jpg
357428.028883914,3462261.86496615,23.902,SE115_01-03F_j_034.jpg
357428.010446978,3462261.90956373,23.877,SE115_01-03F_j_035.jpg
357427.972669983,3462261.93225032,23.873,SE115_01-03F_j_036.jpg
357427.991709001,3462261.93199179,23.879,SE115_01-03F_j_037.jpg
357427.982189492,3462261.93212106,23.886,SE115_01-03F_j_038.jpg
357428.010748019,3462261.93173326,23.895,SE115_01-03F_j_039.jpg
357428.020267528,3462261.93160399,23.885,SE115_01-03F_j_040.jpg
357428.020267528,3462261.93160399,23.869,SE115_01-03F_j_041.jpg
357428.030088078,3462261.95364425,23.876,SE115_01-03F_j_042.jpg
357428.010748019,3462261.93173326,23.864,SE115_01-03F_j_043.jpg
357427.982189492,3462261.93212106,23.842,SE115_01-03F_j_044.jpg
357427.992010042,3462261.95416132,23.878,SE115_01-03F_j_045.jpg
357428.020568569,3462261.95377352,23.828,SE115_01-03F_j_046.jpg
357428.001680071,3462261.96511681,23.861,SE115_01-03F_j_047.jpg
357427.963150474,3462261.93237959,23.86,SE115_01-03F_j_048.jpg
357427.982340012,3462261.94320582,23.884,SE115_01-03F_j_049.jpg
357433.17803305,3462258.92356417,23.901,SE115_01-03F_k_001.jpg
357433.187703079,3462258.93451967,23.892,SE115_01-03F_k_002.jpg
357433.139352944,3462258.87974217,23.933,SE115_01-03F_k_003.jpg
357433.120464436,3462258.89108545,23.928,SE115_01-03F_k_004.jpg
357433.130134463,3462258.90204095,23.897,SE115_01-03F_k_005.jpg
357433.130435493,3462258.92421048,23.868,SE115_01-03F_k_006.jpg
357433.130435493,3462258.92421048,23.891,SE115_01-03F_k_007.jpg
357433.102328503,3462258.95785255,23.881,SE115_01-03F_k_008.jpg
357433.121217011,3462258.94650926,23.884,SE115_01-03F_k_009.jpg
357433.140557064,3462258.96842027,23.879,SE115_01-03F_k_010.jpg
357433.130887038,3462258.95746476,23.893,SE115_01-03F_k_011.jpg
357433.149926061,3462258.95720624,23.869,SE115_01-03F_k_012.jpg
357433.149926061,3462258.95720624,23.861,SE115_01-03F_k_013.jpg
357433.131037553,3462258.96854953,23.855,SE115_01-03F_k_014.jpg
357433.140557064,3462258.96842027,23.869,SE115_01-03F_k_015.jpg
357433.121066496,3462258.9354245,23.877,SE115_01-03F_k_016.jpg
357433.111546982,3462258.93555376,23.887,SE115_01-03F_k_017.jpg
357433.092206929,3462258.91364276,23.905,SE115_01-03F_k_018.jpg
357433.101876958,3462258.92459826,23.93,SE115_01-03F_k_019.jpg
357433.140105519,3462258.93516598,23.895,SE115_01-03F_k_020.jpg
357433.139955004,3462258.92408122,23.902,SE115_01-03F_k_021.jpg
357433.120915981,3462258.92433974,23.905,SE115_01-03F_k_022.jpg
357433.121066496,3462258.9354245,23.868,SE115_01-03F_k_023.jpg
357433.111546982,3462258.93555376,23.861,SE115_01-03F_k_024.jpg
357433.121367526,3462258.95759402,23.859,SE115_01-03F_k_025.jpg
357433.149775546,3462258.94612148,23.885,SE115_01-03F_k_026.jpg
357433.150076576,3462258.968291,23.892,SE115_01-03F_k_027.jpg
357433.168965084,3462258.95694772,23.886,SE115_01-03F_k_028.jpg
357428.266971409,3462251.35144107,42.778,SE115_04-09F_l_001.jpg
357428.324088523,3462251.35066548,42.792,SE115_04-09F_l_002.jpg
357428.304748447,3462251.32875449,42.781,SE115_04-09F_l_003.jpg
357428.198528542,3462251.21932878,42.795,SE115_04-09F_l_004.jpg
357428.257000334,3462251.31831605,42.791,SE115_04-09F_l_005.jpg
357428.314569005,3462251.35079474,42.781,SE115_04-09F_l_006.jpg
357428.294927889,3462251.30671423,42.796,SE115_04-09F_l_007.jpg
357428.28525785,3462251.29575873,42.775,SE115_04-09F_l_008.jpg
357428.304447407,3462251.30658496,42.784,SE115_04-09F_l_009.jpg
357428.304748447,3462251.32875449,42.767,SE115_04-09F_l_010.jpg
357428.314267965,3462251.32862522,42.789,SE115_04-09F_l_011.jpg
357428.323486445,3462251.30632643,42.782,SE115_04-09F_l_012.jpg
357428.293874251,3462251.22912089,42.794,SE115_04-09F_l_013.jpg
357428.313816406,3462251.29537093,42.775,SE115_04-09F_l_014.jpg
357428.303995849,3462251.27333068,42.781,SE115_04-09F_l_015.jpg
357428.265917771,3462251.27384774,42.787,SE115_04-09F_l_016.jpg
357428.266068291,3462251.2849325,42.785,SE115_04-09F_l_017.jpg
357428.303995849,3462251.27333068,42.78,SE115_04-09F_l_018.jpg
357428.285107331,3462251.28467397,42.794,SE115_04-09F_l_019.jpg
357428.28570941,3462251.32901302,42.789,SE115_04-09F_l_020.jpg
357428.28540837,3462251.30684349,42.794,SE115_04-09F_l_021.jpg
357428.313816406,3462251.29537093,42.778,SE115_04-09F_l_022.jpg
357428.323636964,3462251.31741119,42.756,SE115_04-09F_l_023.jpg
357428.323486445,3462251.30632643,42.78,SE115_04-09F_l_024.jpg
357428.313966926,3462251.3064557,42.769,SE115_04-09F_l_025.jpg
357428.323185405,3462251.28415691,42.795,SE115_04-09F_l_026.jpg
357428.295078409,3462251.31779899,42.799,SE115_04-09F_l_027.jpg
357428.314117446,3462251.31754046,42.82,SE115_04-09F_l_028.jpg
357428.313816406,3462251.29537093,42.799,SE115_04-09F_l_029.jpg
357428.304146368,3462251.28441544,42.783,SE115_04-09F_l_030.jpg
357428.323185405,3462251.28415691,42.791,SE115_04-09F_l_031.jpg
357428.342224443,3462251.28389838,42.803,SE115_04-09F_l_032.jpg
357428.323335925,3462251.29524167,42.795,SE115_04-09F_l_033.jpg
357428.342676001,3462251.31715266,42.805,SE115_04-09F_l_034.jpg
357428.342676001,3462251.31715266,42.792,SE115_04-09F_l_035.jpg
357428.323486445,3462251.30632643,42.787,SE115_04-09F_l_036.jpg
357428.333156483,3462251.31728193,42.765,SE115_04-09F_l_037.jpg
357428.323938004,3462251.33958072,42.776,SE115_04-09F_l_038.jpg
357428.342977041,3462251.33932219,42.794,SE115_04-09F_l_039.jpg
357428.304748447,3462251.32875449,42.806,SE115_04-09F_l_040.jpg
357428.285107331,3462251.28467397,42.8,SE115_04-09F_l_041.jpg
357428.275286773,3462251.26263371,42.806,SE115_04-09F_l_042.jpg
357428.313966926,3462251.3064557,42.803,SE115_04-09F_l_043.jpg
357428.333307003,3462251.32836669,42.799,SE115_04-09F_l_044.jpg
357428.303995849,3462251.27333068,42.805,SE115_04-09F_l_045.jpg
357428.295078409,3462251.31779899,42.773,SE115_04-09F_l_046.jpg
357428.313966926,3462251.3064557,42.818,SE115_04-09F_l_047.jpg
357428.323335925,3462251.29524167,42.798,SE115_04-09F_l_048.jpg
357428.342374962,3462251.29498314,42.8,SE115_04-09F_l_049.jpg
357428.332855444,3462251.2951124,42.796,SE115_04-09F_l_050.jpg
357428.342224443,3462251.28389838,42.793,SE115_04-09F_l_051.jpg
357428.332855444,3462251.2951124,42.81,SE115_04-09F_l_052.jpg
357428.361564519,3462251.30580937,42.78,SE115_04-09F_l_053.jpg
357428.324088523,3462251.35066548,42.792,SE115_04-09F_l_054.jpg
357428.295228928,3462251.32888375,42.769,SE115_04-09F_l_055.jpg
357428.304898966,3462251.33983925,42.785,SE115_04-09F_l_056.jpg
357428.342676001,3462251.31715266,42.802,SE115_04-09F_l_057.jpg
357428.333005963,3462251.30619717,42.779,SE115_04-09F_l_058.jpg
357428.314117446,3462251.31754046,42.762,SE115_04-09F_l_059.jpg
357428.313816406,3462251.29537093,42.794,SE115_04-09F_l_060.jpg
357428.303845329,3462251.26224591,42.786,SE115_04-09F_l_061.jpg
357428.341772884,3462251.25064409,42.781,SE115_04-09F_l_062.jpg
357428.303694809,3462251.25116115,42.802,SE115_04-09F_l_063.jpg
357428.294626849,3462251.2845447,42.82,SE115_04-09F_l_064.jpg
357428.323034886,3462251.27307215,42.82,SE115_04-09F_l_065.jpg
357428.332403885,3462251.26185812,42.816,SE115_04-09F_l_066.jpg
357428.323034886,3462251.27307215,42.789,SE115_04-09F_l_067.jpg
357428.323185405,3462251.28415691,42.785,SE115_04-09F_l_068.jpg
357428.323335925,3462251.29524167,42.794,SE115_04-09F_l_069.jpg
357428.304146368,3462251.28441544,42.807,SE115_04-09F_l_070.jpg
357428.294777369,3462251.29562946,42.809,SE115_04-09F_l_071.jpg
357428.304146368,3462251.28441544,42.804,SE115_04-09F_l_072.jpg
357428.342374962,3462251.29498314,42.793,SE115_04-09F_l_073.jpg
357428.333005963,3462251.30619717,42.775,SE115_04-09F_l_074.jpg
357428.314418485,3462251.33970998,42.777,SE115_04-09F_l_075.jpg
357428.276340411,3462251.34022704,42.788,SE115_04-09F_l_076.jpg
357428.314870044,3462251.37296427,42.755,SE115_04-09F_l_077.jpg
357428.28540837,3462251.30684349,42.768,SE115_04-09F_l_078.jpg
357428.265917771,3462251.27384774,42.777,SE115_04-09F_l_079.jpg
357428.266218811,3462251.29601726,42.767,SE115_04-09F_l_080.jpg
357428.29447633,3462251.27345994,42.781,SE115_04-09F_l_081.jpg
357428.323787484,3462251.32849596,42.75,SE115_04-09F_l_082.jpg
357428.313665887,3462251.28428617,42.778,SE115_04-09F_l_083.jpg
357428.332253365,3462251.25077336,42.801,SE115_04-09F_l_084.jpg
357428.351292402,3462251.25051483,42.81,SE115_04-09F_l_085.jpg
357428.323034886,3462251.27307215,42.802,SE115_04-09F_l_086.jpg
357428.322884366,3462251.26198738,42.782,SE115_04-09F_l_087.jpg
357428.322733846,3462251.25090262,42.785,SE115_04-09F_l_088.jpg
357428.323335925,3462251.29524167,42.787,SE115_04-09F_l_089.jpg
357428.342073923,3462251.27281361,42.781,SE115_04-09F_l_090.jpg
357428.341772884,3462251.25064409,42.827,SE115_04-09F_l_091.jpg
357428.313515367,3462251.27320141,42.813,SE115_04-09F_l_092.jpg
357428.313364847,3462251.26211665,42.795,SE115_04-09F_l_093.jpg
357428.332253365,3462251.25077336,42.789,SE115_04-09F_l_094.jpg
357428.303845329,3462251.26224591,42.803,SE115_04-09F_l_095.jpg
357428.322733846,3462251.25090262,42.787,SE115_04-09F_l_096.jpg
357428.303995849,3462251.27333068,42.804,SE115_04-09F_l_097.jpg
357428.342224443,3462251.28389838,42.774,SE115_04-09F_l_098.jpg
357428.332554404,3462251.27294288,42.779,SE115_04-09F_l_099.jpg
357409.200985613,3462261.54413401,42.802,SE115_04-09F_m_001.jpg
357409.210505123,3462261.54400472,42.794,SE115_04-09F_m_002.jpg
357409.248733705,3462261.55457235,42.794,SE115_04-09F_m_003.jpg
357409.258253215,3462261.55444307,42.769,SE115_04-09F_m_004.jpg
357409.267471645,3462261.53214426,42.805,SE115_04-09F_m_005.jpg
357409.229243064,3462261.52157663,42.86,SE115_04-09F_m_006.jpg
357409.248432625,3462261.53240283,42.809,SE115_04-09F_m_007.jpg
357409.248432625,3462261.53240283,42.769,SE115_04-09F_m_008.jpg
357409.238461491,3462261.49927782,42.815,SE115_04-09F_m_009.jpg
357409.219271931,3462261.48845163,42.802,SE115_04-09F_m_010.jpg
357409.228640903,3462261.47723758,42.794,SE115_04-09F_m_011.jpg
357409.276539534,3462261.49876069,42.769,SE115_04-09F_m_012.jpg
357409.247830463,3462261.48806378,42.782,SE115_04-09F_m_013.jpg
357409.286510665,3462261.5318857,42.803,SE115_04-09F_m_014.jpg
357409.305399144,3462261.52054237,42.795,SE115_04-09F_m_015.jpg
357409.285757963,3462261.47646188,42.811,SE115_04-09F_m_016.jpg
357409.23800987,3462261.46602354,42.808,SE115_04-09F_m_017.jpg
357409.238461491,3462261.49927782,42.79,SE115_04-09F_m_018.jpg
357409.257500514,3462261.49901926,42.812,SE115_04-09F_m_019.jpg
357409.238310951,3462261.48819306,42.787,SE115_04-09F_m_020.jpg
357409.238461491,3462261.49927782,42.781,SE115_04-09F_m_021.jpg
357409.267170564,3462261.50997474,42.782,SE115_04-09F_m_022.jpg
357409.267321104,3462261.5210595,42.769,SE115_04-09F_m_023.jpg
357409.238612031,3462261.51036259,42.781,SE115_04-09F_m_024.jpg
357409.219723552,3462261.52170592,42.785,SE115_04-09F_m_025.jpg
357409.200232911,3462261.48871019,42.785,SE115_04-09F_m_026.jpg
357409.238461491,3462261.49927782,42.783,SE115_04-09F_m_027.jpg
357409.267170564,3462261.50997474,42.777,SE115_04-09F_m_028.jpg
357409.277292235,3462261.55418451,42.761,SE115_04-09F_m_029.jpg
357409.258403755,3462261.56552783,42.766,SE115_04-09F_m_030.jpg
357409.229845226,3462261.56591568,42.784,SE115_04-09F_m_031.jpg
357409.268073806,3462261.57648331,42.75,SE115_04-09F_m_032.jpg
357409.277292235,3462261.55418451,42.78,SE115_04-09F_m_033.jpg
357409.287263366,3462261.58730951,42.786,SE115_04-09F_m_034.jpg
357409.239515273,3462261.57687116,42.786,SE115_04-09F_m_035.jpg
357409.220024633,3462261.54387544,42.77,SE115_04-09F_m_036.jpg
357409.229393605,3462261.5326614,42.797,SE115_04-09F_m_037.jpg
357409.267321104,3462261.5210595,42.789,SE115_04-09F_m_038.jpg
357409.277141695,3462261.54309974,42.767,SE115_04-09F_m_039.jpg
357409.267923265,3462261.56539855,42.777,SE115_04-09F_m_040.jpg
357409.268525427,3462261.6097376,42.791,SE115_04-09F_m_041.jpg
357409.230597927,3462261.62133949,42.763,SE115_04-09F_m_042.jpg
357409.249335866,3462261.59891141,42.771,SE115_04-09F_m_043.jpg
357409.239364733,3462261.5657864,42.81,SE115_04-09F_m_044.jpg
357409.238762572,3462261.52144735,42.792,SE115_04-09F_m_045.jpg
357409.248583165,3462261.54348759,42.782,SE115_04-09F_m_046.jpg
357409.258253215,3462261.55444307,42.788,SE115_04-09F_m_047.jpg
357409.249185326,3462261.58782664,42.78,SE115_04-09F_m_048.jpg
357409.258554296,3462261.5766126,42.782,SE115_04-09F_m_049.jpg
357409.258102675,3462261.54335831,42.809,SE115_04-09F_m_050.jpg
357409.230146306,3462261.58808521,42.821,SE115_04-09F_m_051.jpg
357409.267923265,3462261.56539855,42.799,SE115_04-09F_m_052.jpg
357409.229694685,3462261.55483092,42.799,SE115_04-09F_m_053.jpg
357409.220476254,3462261.57712973,42.792,SE115_04-09F_m_054.jpg
357409.267923265,3462261.56539855,42.79,SE115_04-09F_m_055.jpg
357409.277442775,3462261.56526927,42.8,SE115_04-09F_m_056.jpg
357409.314918654,3462261.52041309,42.821,SE115_04-09F_m_057.jpg
357409.296180715,3462261.54284118,42.814,SE115_04-09F_m_058.jpg
357409.296331255,3462261.55392594,42.789,SE115_04-09F_m_059.jpg
357409.353147234,3462261.53098072,42.802,SE115_04-09F_m_060.jpg
357409.286209584,3462261.50971617,42.801,SE115_04-09F_m_061.jpg
357409.200684532,3462261.52196448,42.805,SE115_04-09F_m_062.jpg
357409.248432625,3462261.53240283,42.79,SE115_04-09F_m_063.jpg
357409.286360124,3462261.52080094,42.819,SE115_04-09F_m_064.jpg
357409.267772725,3462261.55431379,42.8,SE115_04-09F_m_065.jpg
357409.267471645,3462261.53214426,42.807,SE115_04-09F_m_066.jpg
357409.248733705,3462261.55457235,42.803,SE115_04-09F_m_067.jpg
357409.229544145,3462261.54374616,42.807,SE115_04-09F_m_068.jpg
357409.219874092,3462261.53279068,42.859,SE115_04-09F_m_069.jpg
357409.267471645,3462261.53214426,42.816,SE115_04-09F_m_070.jpg
357409.334108214,3462261.53123928,42.776,SE115_04-09F_m_071.jpg
357409.344079347,3462261.56436429,42.827,SE115_04-09F_m_072.jpg
357409.268374886,3462261.59865284,42.811,SE115_04-09F_m_073.jpg
357409.201286693,3462261.56630353,42.819,SE115_04-09F_m_074.jpg
357409.220476254,3462261.57712973,42.83,SE115_04-09F_m_075.jpg
357409.287263366,3462261.58730951,42.781,SE115_04-09F_m_076.jpg
357409.239063652,3462261.54361687,42.807,SE115_04-09F_m_077.jpg
357409.229393605,3462261.5326614,42.826,SE115_04-09F_m_078.jpg
357409.238913112,3462261.53253211,42.798,SE115_04-09F_m_079.jpg
357409.220175173,3462261.5549602,42.8,SE115_04-09F_m_080.jpg
357409.277442775,3462261.56526927,42.785,SE115_04-09F_m_081.jpg
357409.221228955,3462261.63255354,42.767,SE115_04-09F_m_082.jpg
357409.288317148,3462261.66490285,42.799,SE115_04-09F_m_083.jpg
357409.316574597,3462261.64234548,42.807,SE115_04-09F_m_084.jpg
357409.335613617,3462261.64208691,42.808,SE115_04-09F_m_085.jpg
357409.316122976,3462261.60909119,42.802,SE115_04-09F_m_086.jpg
357409.268374886,3462261.59865284,42.806,SE115_04-09F_m_087.jpg
357409.248884246,3462261.56565712,42.832,SE115_04-09F_m_088.jpg
357409.653777985,3462259.83061643,69.995,SE115_10-15F_n_001.jpg
357409.654229605,3462259.86387072,70.014,SE115_10-15F_n_002.jpg
357409.663899658,3462259.8748262,70.001,SE115_10-15F_n_003.jpg
357409.682938681,3462259.87456763,69.993,SE115_10-15F_n_004.jpg
357409.701827165,3462259.86322431,70.003,SE115_10-15F_n_005.jpg
357409.711346676,3462259.86309502,69.996,SE115_10-15F_n_006.jpg
357409.672817008,3462259.83035786,70.03,SE115_10-15F_n_007.jpg
357409.663297499,3462259.83048715,70.026,SE115_10-15F_n_008.jpg
357409.653627446,3462259.81953167,70.045,SE115_10-15F_n_009.jpg
357409.663297499,3462259.83048715,70,SE115_10-15F_n_010.jpg
357409.682637602,3462259.85239811,69.973,SE115_10-15F_n_011.jpg
357409.653777985,3462259.83061643,70.006,SE115_10-15F_n_012.jpg
357409.653928525,3462259.84170119,69.988,SE115_10-15F_n_013.jpg
357409.663448039,3462259.84157191,69.993,SE115_10-15F_n_014.jpg
357409.62552053,3462259.8531738,70.024,SE115_10-15F_n_015.jpg
357409.596510376,3462259.82030736,70.01,SE115_10-15F_n_016.jpg
357409.615549399,3462259.8200488,70.002,SE115_10-15F_n_017.jpg
357409.663297499,3462259.83048715,70.006,SE115_10-15F_n_018.jpg
357409.663749119,3462259.86374144,69.985,SE115_10-15F_n_019.jpg
357409.644559553,3462259.85291524,69.955,SE115_10-15F_n_020.jpg
357409.615850479,3462259.84221832,70.024,SE115_10-15F_n_021.jpg
357409.635040042,3462259.85304452,70.009,SE115_10-15F_n_022.jpg
357409.625369991,3462259.84208904,69.999,SE115_10-15F_n_023.jpg
357409.634889502,3462259.84195976,70.001,SE115_10-15F_n_024.jpg
357409.635040042,3462259.85304452,70.005,SE115_10-15F_n_025.jpg
357409.596961996,3462259.85356165,70.009,SE115_10-15F_n_026.jpg
357409.616001019,3462259.85330308,69.996,SE115_10-15F_n_027.jpg
357409.606933127,3462259.88668665,69.997,SE115_10-15F_n_028.jpg
357409.616452639,3462259.88655737,69.982,SE115_10-15F_n_029.jpg
357409.654681224,3462259.897125,69.972,SE115_10-15F_n_030.jpg
357409.645312253,3462259.90833905,69.998,SE115_10-15F_n_031.jpg
357409.616452639,3462259.88655737,70.007,SE115_10-15F_n_032.jpg
357409.607234207,3462259.90885618,70.007,SE115_10-15F_n_033.jpg
357409.62627323,3462259.90859761,69.988,SE115_10-15F_n_034.jpg
357409.587442484,3462259.85369093,70.011,SE115_10-15F_n_035.jpg
357409.606330968,3462259.8423476,70.005,SE115_10-15F_n_036.jpg
357409.644409014,3462259.84183047,69.985,SE115_10-15F_n_037.jpg
357409.606782587,3462259.87560189,69.97,SE115_10-15F_n_038.jpg
357409.568704541,3462259.87611902,69.948,SE115_10-15F_n_039.jpg
357409.568252922,3462259.84286474,69.995,SE115_10-15F_n_040.jpg
357409.587291945,3462259.84260617,70.008,SE115_10-15F_n_041.jpg
357409.606933127,3462259.88668665,69.989,SE115_10-15F_n_042.jpg
357409.62597215,3462259.88642809,69.976,SE115_10-15F_n_043.jpg
357409.644860633,3462259.87508476,69.998,SE115_10-15F_n_044.jpg
357409.62582161,3462259.87534333,69.989,SE115_10-15F_n_045.jpg
357409.606782587,3462259.87560189,69.982,SE115_10-15F_n_046.jpg
357409.606481507,3462259.85343237,69.98,SE115_10-15F_n_047.jpg
357409.62552053,3462259.8531738,70,SE115_10-15F_n_048.jpg
357409.644860633,3462259.87508476,69.992,SE115_10-15F_n_049.jpg
357409.578374593,3462259.8870745,69.993,SE115_10-15F_n_050.jpg
357409.617205338,3462259.94198119,69.998,SE115_10-15F_n_051.jpg
357409.664050198,3462259.88591096,70.025,SE115_10-15F_n_052.jpg
357409.635341122,3462259.87521404,70.003,SE115_10-15F_n_053.jpg
357409.616753718,3462259.9087269,69.988,SE115_10-15F_n_054.jpg
357409.654530684,3462259.88604024,70.003,SE115_10-15F_n_055.jpg
357409.654530684,3462259.88604024,70,SE115_10-15F_n_056.jpg
357409.635040042,3462259.85304452,69.999,SE115_10-15F_n_057.jpg
357409.587593024,3462259.8647757,69.984,SE115_10-15F_n_058.jpg
357409.587442484,3462259.85369093,69.972,SE115_10-15F_n_059.jpg
357409.587593024,3462259.8647757,69.986,SE115_10-15F_n_060.jpg
357409.559034487,3462259.86516354,69.984,SE115_10-15F_n_061.jpg
357409.549665518,3462259.87637759,70.006,SE115_10-15F_n_062.jpg
357409.539844925,3462259.85433735,70.006,SE115_10-15F_n_063.jpg
357409.587291945,3462259.84260617,70.005,SE115_10-15F_n_064.jpg
357409.606632047,3462259.86451713,69.984,SE115_10-15F_n_065.jpg
357409.578073513,3462259.86490498,69.995,SE115_10-15F_n_066.jpg
357409.578224053,3462259.87598974,69.972,SE115_10-15F_n_067.jpg
357409.606782587,3462259.87560189,70.007,SE115_10-15F_n_068.jpg
357409.645161713,3462259.89725429,69.985,SE115_10-15F_n_069.jpg
357409.62627323,3462259.90859761,69.973,SE115_10-15F_n_070.jpg
357409.587894104,3462259.88694522,69.985,SE115_10-15F_n_071.jpg
357409.578073513,3462259.86490498,69.983,SE115_10-15F_n_072.jpg
357409.606782587,3462259.87560189,69.986,SE115_10-15F_n_073.jpg
357409.635792741,3462259.90846833,69.992,SE115_10-15F_n_074.jpg
357409.635491661,3462259.88629881,70.016,SE115_10-15F_n_075.jpg
357409.62552053,3462259.8531738,70.02,SE115_10-15F_n_076.jpg
357409.597112536,3462259.86464641,69.999,SE115_10-15F_n_077.jpg
357409.578073513,3462259.86490498,69.974,SE115_10-15F_n_078.jpg
357409.578073513,3462259.86490498,69.993,SE115_10-15F_n_079.jpg
357409.616001019,3462259.85330308,70.019,SE115_10-15F_n_080.jpg
357409.62582161,3462259.87534333,70.005,SE115_10-15F_n_081.jpg
357409.62567107,3462259.86425857,69.992,SE115_10-15F_n_082.jpg
357409.568554001,3462259.86503426,70.013,SE115_10-15F_n_083.jpg
357409.520805902,3462259.85459591,70.022,SE115_10-15F_n_084.jpg
357409.539844925,3462259.85433735,70.001,SE115_10-15F_n_085.jpg
357409.597413616,3462259.88681594,69.984,SE115_10-15F_n_086.jpg
357409.645312253,3462259.90833905,69.964,SE115_10-15F_n_087.jpg
357409.674171866,3462259.93012073,69.976,SE115_10-15F_n_088.jpg
357429.292443803,3462249.74101622,69.973,SE115_10-15F_o_001.jpg
357429.282924283,3462249.74114548,69.948,SE115_10-15F_o_002.jpg
357429.292443803,3462249.74101622,70.006,SE115_10-15F_o_003.jpg
357429.291992247,3462249.70776193,70.006,SE115_10-15F_o_004.jpg
357429.244093607,3462249.68623873,70.014,SE115_10-15F_o_005.jpg
357429.244394645,3462249.70840825,69.999,SE115_10-15F_o_006.jpg
357429.244695682,3462249.73057778,69.99,SE115_10-15F_o_007.jpg
357429.254215202,3462249.73044851,69.997,SE115_10-15F_o_008.jpg
357429.282472727,3462249.70789119,70.015,SE115_10-15F_o_009.jpg
357429.301361249,3462249.6965479,70.018,SE115_10-15F_o_010.jpg
357429.32024977,3462249.68520461,70.016,SE115_10-15F_o_011.jpg
357429.300909693,3462249.66329362,70.015,SE115_10-15F_o_012.jpg
357429.291089136,3462249.64125336,70.029,SE115_10-15F_o_013.jpg
357429.281268579,3462249.6192131,70.025,SE115_10-15F_o_014.jpg
357429.253161572,3462249.65285518,69.999,SE115_10-15F_o_015.jpg
357429.25331209,3462249.66393994,70.005,SE115_10-15F_o_016.jpg
357429.272200614,3462249.65259665,70.011,SE115_10-15F_o_017.jpg
357429.224000937,3462249.60890392,69.989,SE115_10-15F_o_018.jpg
357429.224603012,3462249.65324297,69.998,SE115_10-15F_o_019.jpg
357429.253462609,3462249.6750247,69.986,SE115_10-15F_o_020.jpg
357429.291239655,3462249.65233812,69.982,SE115_10-15F_o_021.jpg
357429.291089136,3462249.64125336,69.999,SE115_10-15F_o_022.jpg
357429.300458138,3462249.63003933,70.004,SE115_10-15F_o_023.jpg
357429.300759175,3462249.65220886,69.986,SE115_10-15F_o_024.jpg
357429.31073025,3462249.68533388,69.978,SE115_10-15F_o_025.jpg
357429.291540692,3462249.67450764,69.982,SE115_10-15F_o_026.jpg
357429.244093607,3462249.68623873,69.99,SE115_10-15F_o_027.jpg
357429.28217169,3462249.68572167,69.973,SE115_10-15F_o_028.jpg
357429.301662286,3462249.71871743,69.999,SE115_10-15F_o_029.jpg
357429.358327851,3462249.68468756,70.022,SE115_10-15F_o_030.jpg
357429.309977658,3462249.62991007,70.04,SE115_10-15F_o_031.jpg
357429.290938618,3462249.6301686,70.025,SE115_10-15F_o_032.jpg
357429.281268579,3462249.6192131,70.015,SE115_10-15F_o_033.jpg
357429.310278695,3462249.65207959,70.014,SE115_10-15F_o_034.jpg
357429.281870653,3462249.66355215,70.017,SE115_10-15F_o_035.jpg
357429.290637581,3462249.60799907,70.016,SE115_10-15F_o_036.jpg
357429.272200614,3462249.65259665,69.991,SE115_10-15F_o_037.jpg
357429.244545163,3462249.71949301,69.991,SE115_10-15F_o_038.jpg
357429.262982131,3462249.67489544,70.009,SE115_10-15F_o_039.jpg
357429.262380057,3462249.63055639,70.001,SE115_10-15F_o_040.jpg
357429.243341015,3462249.63081492,69.984,SE115_10-15F_o_041.jpg
357429.233670978,3462249.61985942,70,SE115_10-15F_o_042.jpg
357429.224301974,3462249.63107345,69.999,SE115_10-15F_o_043.jpg
357429.233972015,3462249.64202894,69.994,SE115_10-15F_o_044.jpg
357429.272351133,3462249.66368141,69.981,SE115_10-15F_o_045.jpg
357429.319798215,3462249.65195033,69.99,SE115_10-15F_o_046.jpg
357429.319346659,3462249.61869604,70.006,SE115_10-15F_o_047.jpg
357429.319346659,3462249.61869604,69.999,SE115_10-15F_o_048.jpg
357429.281419097,3462249.63029786,70.003,SE115_10-15F_o_049.jpg
357429.272200614,3462249.65259665,69.989,SE115_10-15F_o_050.jpg
357429.291239655,3462249.65233812,69.97,SE115_10-15F_o_051.jpg
357429.300608656,3462249.64112409,70,SE115_10-15F_o_052.jpg
357429.300458138,3462249.63003933,70.015,SE115_10-15F_o_053.jpg
357429.319045622,3462249.59652652,69.995,SE115_10-15F_o_054.jpg
357429.300307619,3462249.61895457,69.994,SE115_10-15F_o_055.jpg
357429.357575258,3462249.62926375,69.987,SE115_10-15F_o_056.jpg
357429.396104896,3462249.66200098,69.986,SE115_10-15F_o_057.jpg
357429.386434858,3462249.65104548,69.997,SE115_10-15F_o_058.jpg
357429.377517412,3462249.69551379,70.016,SE115_10-15F_o_059.jpg
357429.348055741,3462249.62939301,70.06,SE115_10-15F_o_060.jpg
357429.338084663,3462249.59626799,70.033,SE115_10-15F_o_061.jpg
357429.26207902,3462249.60838687,70.034,SE115_10-15F_o_062.jpg
357429.280817023,3462249.58595881,70.028,SE115_10-15F_o_063.jpg
357429.318744585,3462249.57435699,70.032,SE115_10-15F_o_064.jpg
357429.309977658,3462249.62991007,70.027,SE115_10-15F_o_065.jpg
357429.347905222,3462249.61830825,70.016,SE115_10-15F_o_066.jpg
357429.347453667,3462249.58505396,70.02,SE115_10-15F_o_067.jpg
357429.347754704,3462249.60722349,70.015,SE115_10-15F_o_068.jpg
357429.3383857,3462249.61843751,70.014,SE115_10-15F_o_069.jpg
357429.319196141,3462249.60761128,70.015,SE115_10-15F_o_070.jpg
357429.338686737,3462249.64060704,70.015,SE115_10-15F_o_071.jpg
357429.271749059,3462249.61934236,70.008,SE115_10-15F_o_072.jpg
357429.272050096,3462249.64151189,70.004,SE115_10-15F_o_073.jpg
357429.261928502,3462249.5973021,70.011,SE115_10-15F_o_074.jpg
357429.300307619,3462249.61895457,70.016,SE115_10-15F_o_075.jpg
357429.290637581,3462249.60799907,70.017,SE115_10-15F_o_076.jpg
357429.281569616,3462249.64138262,70.005,SE115_10-15F_o_077.jpg
357429.291390173,3462249.66342288,69.981,SE115_10-15F_o_078.jpg
357429.262380057,3462249.63055639,70.011,SE115_10-15F_o_079.jpg
357429.329618772,3462249.67399059,70.015,SE115_10-15F_o_080.jpg
357429.367997892,3462249.69564305,70.014,SE115_10-15F_o_081.jpg
357429.329317735,3462249.65182106,70.026,SE115_10-15F_o_082.jpg
357429.329167216,3462249.6407363,69.999,SE115_10-15F_o_083.jpg
357429.290938618,3462249.6301686,69.984,SE115_10-15F_o_084.jpg
357429.281268579,3462249.6192131,69.978,SE115_10-15F_o_085.jpg
357429.329167216,3462249.6407363,70.003,SE115_10-15F_o_086.jpg
357429.396104896,3462249.66200098,70.001,SE115_10-15F_o_087.jpg
357429.386585376,3462249.66213024,70.007,SE115_10-15F_o_088.jpg
357429.687972394,3462248.01719049,99.37,SE115_16-21F_p_001.jpg
357429.725899962,3462248.00558868,99.358,SE115_16-21F_p_002.jpg
357429.783468648,3462248.03806738,99.367,SE115_16-21F_p_003.jpg
357429.802056137,3462248.00455457,99.377,SE115_16-21F_p_004.jpg
357429.783167612,3462248.01589786,99.378,SE115_16-21F_p_005.jpg
357429.773798606,3462248.02711188,99.354,SE115_16-21F_p_006.jpg
357429.744788487,3462247.99424539,99.372,SE115_16-21F_p_007.jpg
357429.754157491,3462247.98303136,99.393,SE115_16-21F_p_008.jpg
357429.735419484,3462248.00545941,99.384,SE115_16-21F_p_009.jpg
357429.71638044,3462248.00571794,99.367,SE115_16-21F_p_010.jpg
357429.725749444,3462247.99450391,99.379,SE115_16-21F_p_011.jpg
357429.725899962,3462248.00558868,99.373,SE115_16-21F_p_012.jpg
357429.706710401,3462247.99476244,99.374,SE115_16-21F_p_013.jpg
357429.697341397,3462248.00597647,99.37,SE115_16-21F_p_014.jpg
357429.735720519,3462248.02762894,99.365,SE115_16-21F_p_015.jpg
357429.745240041,3462248.02749967,99.351,SE115_16-21F_p_016.jpg
357429.716681476,3462248.02788746,99.361,SE115_16-21F_p_017.jpg
357429.697792951,3462248.03923076,99.347,SE115_16-21F_p_018.jpg
357429.697642433,3462248.02814599,99.368,SE115_16-21F_p_019.jpg
357429.745240041,3462248.02749967,99.372,SE115_16-21F_p_020.jpg
357429.754609045,3462248.01628565,99.364,SE115_16-21F_p_021.jpg
357429.735419484,3462248.00545941,99.361,SE115_16-21F_p_022.jpg
357429.735720519,3462248.02762894,99.37,SE115_16-21F_p_023.jpg
357429.735419484,3462248.00545941,99.371,SE115_16-21F_p_024.jpg
357429.73496793,3462247.97220513,99.384,SE115_16-21F_p_025.jpg
357429.725598926,3462247.98341915,99.363,SE115_16-21F_p_026.jpg
357429.725749444,3462247.99450391,99.336,SE115_16-21F_p_027.jpg
357429.706409365,3462247.97259292,99.349,SE115_16-21F_p_028.jpg
357429.735268966,3462247.99437465,99.364,SE115_16-21F_p_029.jpg
357429.725899962,3462248.00558868,99.371,SE115_16-21F_p_030.jpg
357429.716530958,3462248.0168027,99.358,SE115_16-21F_p_031.jpg
357429.71638044,3462248.00571794,99.359,SE115_16-21F_p_032.jpg
357429.725899962,3462248.00558868,99.347,SE115_16-21F_p_033.jpg
357429.726351516,3462248.03884296,99.369,SE115_16-21F_p_034.jpg
357429.754910081,3462248.03845517,99.347,SE115_16-21F_p_035.jpg
357429.764279084,3462248.02724115,99.338,SE115_16-21F_p_036.jpg
357429.726351516,3462248.03884296,99.341,SE115_16-21F_p_037.jpg
357429.745541077,3462248.0496692,99.334,SE115_16-21F_p_038.jpg
357429.736021555,3462248.04979846,99.359,SE115_16-21F_p_039.jpg
357429.735720519,3462248.02762894,99.385,SE115_16-21F_p_040.jpg
357429.735871037,3462248.0387137,99.383,SE115_16-21F_p_041.jpg
357429.735871037,3462248.0387137,99.377,SE115_16-21F_p_042.jpg
357429.726351516,3462248.03884296,99.369,SE115_16-21F_p_043.jpg
357429.736021555,3462248.04979846,99.374,SE115_16-21F_p_044.jpg
357429.754458527,3462248.00520089,99.394,SE115_16-21F_p_045.jpg
357429.773046016,3462247.97168807,99.372,SE115_16-21F_p_046.jpg
357429.78331813,3462248.02698262,99.389,SE115_16-21F_p_047.jpg
357429.687972394,3462248.01719049,99.356,SE115_16-21F_p_048.jpg
357429.706860919,3462248.0058472,99.374,SE115_16-21F_p_049.jpg
357429.73496793,3462247.97220513,99.368,SE115_16-21F_p_050.jpg
357429.716530958,3462248.0168027,99.357,SE115_16-21F_p_051.jpg
357429.707161955,3462248.02801673,99.34,SE115_16-21F_p_052.jpg
357429.707011437,3462248.01693197,99.366,SE115_16-21F_p_053.jpg
357429.706559883,3462247.98367768,99.348,SE115_16-21F_p_054.jpg
357429.687069286,3462247.95068192,99.342,SE115_16-21F_p_055.jpg
357429.677850798,3462247.97298071,99.31,SE115_16-21F_p_056.jpg
357429.649743787,3462248.00662279,99.326,SE115_16-21F_p_057.jpg
357429.706559883,3462247.98367768,99.326,SE115_16-21F_p_058.jpg
357429.696889843,3462247.97272218,99.314,SE115_16-21F_p_059.jpg
357429.72605048,3462248.01667344,99.326,SE115_16-21F_p_060.jpg
357429.745691595,3462248.06075396,99.336,SE115_16-21F_p_061.jpg
357429.745541077,3462248.0496692,99.336,SE115_16-21F_p_062.jpg
357429.72605048,3462248.01667344,99.361,SE115_16-21F_p_063.jpg
357429.716831994,3462248.03897223,99.345,SE115_16-21F_p_064.jpg
357429.726652552,3462248.06101249,99.317,SE115_16-21F_p_065.jpg
357429.716982512,3462248.05005699,99.308,SE115_16-21F_p_066.jpg
357429.744939005,3462248.00533015,99.33,SE115_16-21F_p_067.jpg
357429.726351516,3462248.03884296,99.339,SE115_16-21F_p_068.jpg
357429.68827343,3462248.03936002,99.344,SE115_16-21F_p_069.jpg
357429.688423948,3462248.05044478,99.314,SE115_16-21F_p_070.jpg
357429.697642433,3462248.02814599,99.315,SE115_16-21F_p_071.jpg
357429.716681476,3462248.02788746,99.34,SE115_16-21F_p_072.jpg
357429.726200998,3462248.0277582,99.338,SE115_16-21F_p_073.jpg
357429.706860919,3462248.0058472,99.344,SE115_16-21F_p_074.jpg
357429.725899962,3462248.00558868,99.342,SE115_16-21F_p_075.jpg
357429.725749444,3462247.99450391,99.335,SE115_16-21F_p_076.jpg
357429.735118448,3462247.98328989,99.338,SE115_16-21F_p_077.jpg
357429.735268966,3462247.99437465,99.348,SE115_16-21F_p_078.jpg
357429.707011437,3462248.01693197,99.35,SE115_16-21F_p_079.jpg
357429.716229922,3462247.99463318,99.352,SE115_16-21F_p_080.jpg
357429.754458527,3462248.00520089,99.333,SE115_16-21F_p_081.jpg
357429.706710401,3462247.99476244,99.334,SE115_16-21F_p_082.jpg
357429.707011437,3462248.01693197,99.355,SE115_16-21F_p_083.jpg
357429.744637969,3462247.98316063,99.339,SE115_16-21F_p_084.jpg
357429.745541077,3462248.0496692,99.334,SE115_16-21F_p_085.jpg
357429.745691595,3462248.06075396,99.313,SE115_16-21F_p_086.jpg
357429.716681476,3462248.02788746,99.331,SE115_16-21F_p_087.jpg
357429.735419484,3462248.00545941,99.341,SE115_16-21F_p_088.jpg
357409.588372716,3462256.41676813,99.025,SE115_16-21F_q_001.jpg
357409.569032607,3462256.39485716,99.032,SE115_16-21F_q_002.jpg
357409.549843038,3462256.38403097,99.025,SE115_16-21F_q_003.jpg
357409.6178345,3462256.48288885,99.028,SE115_16-21F_q_004.jpg
357409.598494389,3462256.46097789,99.038,SE115_16-21F_q_005.jpg
357409.588974875,3462256.46110718,99.06,SE115_16-21F_q_006.jpg
357409.6178345,3462256.48288885,99.062,SE115_16-21F_q_007.jpg
357409.627655092,3462256.5049291,99.066,SE115_16-21F_q_008.jpg
357409.63672299,3462256.47154553,99.07,SE115_16-21F_q_009.jpg
357409.635819752,3462256.40503695,99.082,SE115_16-21F_q_010.jpg
357409.578401582,3462256.38364312,99.05,SE115_16-21F_q_011.jpg
357409.588071637,3462256.3945986,99.073,SE115_16-21F_q_012.jpg
357409.617232342,3462256.4385498,99.064,SE115_16-21F_q_013.jpg
357409.617232342,3462256.4385498,99.077,SE115_16-21F_q_014.jpg
357409.683567865,3462256.4154753,99.09,SE115_16-21F_q_015.jpg
357409.587921097,3462256.38351384,99.083,SE115_16-21F_q_016.jpg
357409.559362553,3462256.38390168,99.086,SE115_16-21F_q_017.jpg
357409.521435034,3462256.39550358,99.075,SE115_16-21F_q_018.jpg
357409.540925683,3462256.4284993,99.065,SE115_16-21F_q_019.jpg
357409.569032607,3462256.39485716,99.058,SE115_16-21F_q_020.jpg
357409.578251043,3462256.37255836,99.056,SE115_16-21F_q_021.jpg
357409.578552122,3462256.39472788,99.053,SE115_16-21F_q_022.jpg
357409.616931262,3462256.41638028,99.033,SE115_16-21F_q_023.jpg
357409.607562285,3462256.42759432,99.032,SE115_16-21F_q_024.jpg
357409.626601314,3462256.42733576,99.037,SE115_16-21F_q_025.jpg
357409.597892231,3462256.41663884,99.048,SE115_16-21F_q_026.jpg
357409.59804277,3462256.42772361,99.035,SE115_16-21F_q_027.jpg
357409.588372716,3462256.41676813,99.025,SE115_16-21F_q_028.jpg
357409.626450774,3462256.416251,99.032,SE115_16-21F_q_029.jpg
357409.645339267,3462256.40490767,99.033,SE115_16-21F_q_030.jpg
357409.616630183,3462256.39421075,99.04,SE115_16-21F_q_031.jpg
357409.616630183,3462256.39421075,99.038,SE115_16-21F_q_032.jpg
357409.616329104,3462256.37204123,99.029,SE115_16-21F_q_033.jpg
357409.597591151,3462256.39446932,99.033,SE115_16-21F_q_034.jpg
357409.616780723,3462256.40529552,99.042,SE115_16-21F_q_035.jpg
357409.607261206,3462256.4054248,99.063,SE115_16-21F_q_036.jpg
357409.597591151,3462256.39446932,99.058,SE115_16-21F_q_037.jpg
357409.616479643,3462256.38312599,99.077,SE115_16-21F_q_038.jpg
357409.625999156,3462256.38299671,99.056,SE115_16-21F_q_039.jpg
357409.616479643,3462256.38312599,99.056,SE115_16-21F_q_040.jpg
357409.578401582,3462256.38364312,99.043,SE115_16-21F_q_041.jpg
357409.578401582,3462256.38364312,99.038,SE115_16-21F_q_042.jpg
357409.607110666,3462256.39434003,99.049,SE115_16-21F_q_043.jpg
357409.607110666,3462256.39434003,99.054,SE115_16-21F_q_044.jpg
357409.597741691,3462256.40555408,99.046,SE115_16-21F_q_045.jpg
357409.578702662,3462256.40581265,99.049,SE115_16-21F_q_046.jpg
357409.578552122,3462256.39472788,99.035,SE115_16-21F_q_047.jpg
357409.559362553,3462256.38390168,99.046,SE115_16-21F_q_048.jpg
357409.569032607,3462256.39485716,99.049,SE115_16-21F_q_049.jpg
357409.597440612,3462256.38338455,99.049,SE115_16-21F_q_050.jpg
357409.578552122,3462256.39472788,99.069,SE115_16-21F_q_051.jpg
357409.559663633,3462256.40607121,99.058,SE115_16-21F_q_052.jpg
357409.569333687,3462256.41702669,99.035,SE115_16-21F_q_053.jpg
357409.588222176,3462256.40568336,99.045,SE115_16-21F_q_054.jpg
357409.597440612,3462256.38338455,99.055,SE115_16-21F_q_055.jpg
357409.607261206,3462256.4054248,99.04,SE115_16-21F_q_056.jpg
357409.597591151,3462256.39446932,99.039,SE115_16-21F_q_057.jpg
357409.569183147,3462256.40594193,99.034,SE115_16-21F_q_058.jpg
357409.569183147,3462256.40594193,99.04,SE115_16-21F_q_059.jpg
357409.559663633,3462256.40607121,99.034,SE115_16-21F_q_060.jpg
357409.568882068,3462256.3837724,99.035,SE115_16-21F_q_061.jpg
357409.578853201,3462256.41689741,99.041,SE115_16-21F_q_062.jpg
357409.578853201,3462256.41689741,99.043,SE115_16-21F_q_063.jpg
357409.588372716,3462256.41676813,99.047,SE115_16-21F_q_064.jpg
357409.607261206,3462256.4054248,99.037,SE115_16-21F_q_065.jpg
357409.597741691,3462256.40555408,99.025,SE115_16-21F_q_066.jpg
357409.588222176,3462256.40568336,99.014,SE115_16-21F_q_067.jpg
357409.597892231,3462256.41663884,99.023,SE115_16-21F_q_068.jpg
357409.588673795,3462256.43893765,99.031,SE115_16-21F_q_069.jpg
357409.579154281,3462256.43906693,99.036,SE115_16-21F_q_070.jpg
357409.579154281,3462256.43906693,99.033,SE115_16-21F_q_071.jpg
357409.588673795,3462256.43893765,99.041,SE115_16-21F_q_072.jpg
357409.59819331,3462256.43880837,99.059,SE115_16-21F_q_073.jpg
357409.607411745,3462256.41650956,99.056,SE115_16-21F_q_074.jpg
357409.588222176,3462256.40568336,99.043,SE115_16-21F_q_075.jpg
357409.559663633,3462256.40607121,99.052,SE115_16-21F_q_076.jpg
357409.597591151,3462256.39446932,99.067,SE115_16-21F_q_077.jpg
357409.587770557,3462256.37242908,99.069,SE115_16-21F_q_078.jpg
357409.606659047,3462256.36108575,99.052,SE115_16-21F_q_079.jpg
357409.568731528,3462256.37268764,99.067,SE115_16-21F_q_080.jpg
357409.578702662,3462256.40581265,99.032,SE115_16-21F_q_081.jpg
357409.607712825,3462256.43867909,99.067,SE115_16-21F_q_082.jpg
357409.617232342,3462256.4385498,99.075,SE115_16-21F_q_083.jpg
357409.626601314,3462256.42733576,99.063,SE115_16-21F_q_084.jpg
357409.645339267,3462256.40490767,99.052,SE115_16-21F_q_085.jpg
357409.616931262,3462256.41638028,99.066,SE115_16-21F_q_086.jpg
357409.588523256,3462256.42785289,99.086,SE115_16-21F_q_087.jpg
357409.578702662,3462256.40581265,99.062,SE115_16-21F_q_088.jpg
