357457.9489,3462276.204,42.7,SW205_01-06F_a_001.jpg
357459.4542,3462279.776,42.3,SW205_01-06F_a_002.jpg
357460.947,3462283.137,41.9,SW205_01-06F_a_003.jpg
357462.4494,3462286.498,41.8,SW205_01-06F_a_004.jpg
357463.9518,3462289.859,41.8,SW205_01-06F_a_005.jpg
357465.4447,3462293.22,42,SW205_01-06F_a_006.jpg
357466.95,3462296.803,42.3,SW205_01-06F_a_007.jpg
357468.4515,3462300.796,42.8,SW205_01-06F_a_008.jpg
357467.7194,3462300.174,39.9,SW205_01-06F_a_009.jpg
357466.2113,3462296.392,39.6,SW205_01-06F_a_010.jpg
357464.7183,3462293.02,39.4,SW205_01-06F_a_011.jpg
357463.2159,3462289.659,39.3,SW205_01-06F_a_012.jpg
357461.7259,3462286.508,39.4,SW205_01-06F_a_013.jpg
357460.947,3462283.137,39.4,SW205_01-06F_a_014.jpg
357459.4542,3462279.776,39.5,SW205_01-06F_a_015.jpg
357457.9518,3462276.415,39.9,SW205_01-06F_a_016.jpg
357457.9518,3462276.415,37.3,SW205_01-06F_a_017.jpg
357459.4542,3462279.776,37,SW205_01-06F_a_018.jpg
357460.2236,3462283.147,37,SW205_01-06F_a_019.jpg
357462.4437,3462286.077,36.8,SW205_01-06F_a_020.jpg
357463.2131,3462289.448,36.9,SW205_01-06F_a_021.jpg
357464.7126,3462292.598,36.9,SW205_01-06F_a_022.jpg
357466.2083,3462296.17,37.1,SW205_01-06F_a_023.jpg
357467.7137,3462299.753,37.3,SW205_01-06F_a_024.jpg
357467.7108,3462299.542,34.7,SW205_01-06F_a_025.jpg
357466.2055,3462295.96,34.6,SW205_01-06F_a_026.jpg
357464.7126,3462292.598,34.5,SW205_01-06F_a_027.jpg
357463.2102,3462289.237,34.5,SW205_01-06F_a_028.jpg
357461.7202,3462286.087,34.5,SW205_01-06F_a_029.jpg
357460.2236,3462283.147,34.5,SW205_01-06F_a_030.jpg
357459.4542,3462279.776,34.5,SW205_01-06F_a_031.jpg
357457.2283,3462276.425,34.7,SW205_01-06F_a_032.jpg
357457.9518,3462276.415,32.1,SW205_01-06F_a_033.jpg
357459.4542,3462279.776,32.1,SW205_01-06F_a_034.jpg
357460.2207,3462282.936,32.1,SW205_01-06F_a_035.jpg
357461.7202,3462286.087,32.1,SW205_01-06F_a_036.jpg
357463.2102,3462289.237,32.1,SW205_01-06F_a_037.jpg
357464.7126,3462292.598,32.1,SW205_01-06F_a_038.jpg
357466.2026,3462295.749,32.1,SW205_01-06F_a_039.jpg
357467.708,3462299.332,32.2,SW205_01-06F_a_040.jpg
357467.7108,3462299.542,29.7,SW205_01-06F_a_041.jpg
357466.2026,3462295.749,29.8,SW205_01-06F_a_042.jpg
357464.7097,3462292.388,29.8,SW205_01-06F_a_043.jpg
357463.2102,3462289.237,29.8,SW205_01-06F_a_044.jpg
357461.7202,3462286.087,29.9,SW205_01-06F_a_045.jpg
357460.2207,3462282.936,29.8,SW205_01-06F_a_046.jpg
357459.4513,3462279.565,29.8,SW205_01-06F_a_047.jpg
357457.9518,3462276.415,29.7,SW205_01-06F_a_048.jpg
357457.9518,3462276.415,27.2,SW205_01-06F_a_049.jpg
357459.4542,3462279.776,27.3,SW205_01-06F_a_050.jpg
357460.9442,3462282.926,27.4,SW205_01-06F_a_051.jpg
357461.7202,3462286.087,27.5,SW205_01-06F_a_052.jpg
357463.2102,3462289.237,27.4,SW205_01-06F_a_053.jpg
357464.7126,3462292.598,27.5,SW205_01-06F_a_054.jpg
357466.2055,3462295.96,27.3,SW205_01-06F_a_055.jpg
357467.7108,3462299.542,27.2,SW205_01-06F_a_056.jpg
357467.7166,3462299.964,24.6,SW205_01-06F_a_057.jpg
357466.2083,3462296.17,24.8,SW205_01-06F_a_058.jpg
357464.7155,3462292.809,25,SW205_01-06F_a_059.jpg
357463.2131,3462289.448,25.1,SW205_01-06F_a_060.jpg
357462.4466,3462286.288,25.1,SW205_01-06F_a_061.jpg
357460.947,3462283.137,25,SW205_01-06F_a_062.jpg
357459.457,3462279.986,24.9,SW205_01-06F_a_063.jpg
357457.9547,3462276.625,24.7,SW205_01-06F_a_064.jpg
357457.9547,3462276.625,22,SW205_01-06F_a_065.jpg
357459.457,3462279.986,22.4,SW205_01-06F_a_066.jpg
357460.9499,3462283.348,22.5,SW205_01-06F_a_067.jpg
357462.4494,3462286.498,22.6,SW205_01-06F_a_068.jpg
357463.9489,3462289.649,22.6,SW205_01-06F_a_069.jpg
357464.7183,3462293.02,22.5,SW205_01-06F_a_070.jpg
357466.217,3462296.813,22.1,SW205_01-06F_a_071.jpg
357467.7309,3462301.017,21.6,SW205_01-06F_a_072.jpg
357469.8851,3462299.092,19.9,SW205_01-06F_a_073.jpg
357466.2228,3462297.234,19.5,SW205_01-06F_a_074.jpg
357465.4477,3462293.442,19.9,SW205_01-06F_a_075.jpg
357463.9547,3462290.07,20.1,SW205_01-06F_a_076.jpg
357462.4523,3462286.709,20.1,SW205_01-06F_a_077.jpg
357462.3978,3462282.696,20.6,SW205_01-06F_a_078.jpg
357459.457,3462279.986,19.8,SW205_01-06F_a_079.jpg
357457.9547,3462276.625,19.3,SW205_01-06F_a_080.jpg
357462.3089,3462276.145,18.2,SW205_01-06F_a_081.jpg
357459.457,3462279.986,17,SW205_01-06F_a_082.jpg
357462.4035,3462283.117,18,SW205_01-06F_a_083.jpg
357462.4551,3462286.919,17.4,SW205_01-06F_a_084.jpg
357460.3498,3462292.447,15.7,SW205_01-06F_a_085.jpg
357466.1681,3462293.211,17.5,SW205_01-06F_a_086.jpg
357468.3913,3462296.362,17.4,SW205_01-06F_a_087.jpg
357467.751,3462302.502,15.6,SW205_01-06F_a_088.jpg
357468.44,3462299.954,42,SW205_01-06F_b_001.jpg
357469.9396,3462303.104,41.8,SW205_01-06F_b_002.jpg
357471.4391,3462306.255,41.7,SW205_01-06F_b_003.jpg
357472.9291,3462309.405,41.7,SW205_01-06F_b_004.jpg
357474.4286,3462312.556,41.8,SW205_01-06F_b_005.jpg
357475.198,3462315.927,42.2,SW205_01-06F_b_006.jpg
357477.4297,3462319.71,42.6,SW205_01-06F_b_007.jpg
357476.6975,3462319.077,39.8,SW205_01-06F_b_008.jpg
357475.1922,3462315.506,39.5,SW205_01-06F_b_009.jpg
357473.6927,3462312.355,39.2,SW205_01-06F_b_010.jpg
357472.9262,3462309.195,39.2,SW205_01-06F_b_011.jpg
357471.4391,3462306.255,39.2,SW205_01-06F_b_012.jpg
357469.9396,3462303.104,39.3,SW205_01-06F_b_013.jpg
357468.44,3462299.954,39.4,SW205_01-06F_b_014.jpg
357468.44,3462299.954,36.9,SW205_01-06F_b_015.jpg
357469.9396,3462303.104,36.8,SW205_01-06F_b_016.jpg
357470.7061,3462306.265,36.8,SW205_01-06F_b_017.jpg
357472.9205,3462308.774,36.8,SW205_01-06F_b_018.jpg
357473.687,3462311.934,36.8,SW205_01-06F_b_019.jpg
357475.1865,3462315.084,36.9,SW205_01-06F_b_020.jpg
357476.6946,3462318.867,37.2,SW205_01-06F_b_021.jpg
357476.6889,3462318.445,34.6,SW205_01-06F_b_022.jpg
357475.1865,3462315.084,34.5,SW205_01-06F_b_023.jpg
357473.6842,3462311.723,34.5,SW205_01-06F_b_024.jpg
357472.9205,3462308.774,34.4,SW205_01-06F_b_025.jpg
357471.4334,3462305.834,34.4,SW205_01-06F_b_026.jpg
357469.9367,3462302.894,34.5,SW205_01-06F_b_027.jpg
357468.44,3462299.954,34.5,SW205_01-06F_b_028.jpg
357468.44,3462299.954,32.1,SW205_01-06F_b_029.jpg
357469.9367,3462302.894,32,SW205_01-06F_b_030.jpg
357471.4334,3462305.834,32,SW205_01-06F_b_031.jpg
357472.1999,3462308.994,32,SW205_01-06F_b_032.jpg
357473.687,3462311.934,32.1,SW205_01-06F_b_033.jpg
357475.1837,3462314.874,32.1,SW205_01-06F_b_034.jpg
357476.6889,3462318.445,32.1,SW205_01-06F_b_035.jpg
357476.686,3462318.235,29.7,SW205_01-06F_b_036.jpg
357475.1837,3462314.874,29.8,SW205_01-06F_b_037.jpg
357473.6842,3462311.723,29.8,SW205_01-06F_b_038.jpg
357472.197,3462308.783,29.8,SW205_01-06F_b_039.jpg
357471.4334,3462305.834,29.8,SW205_01-06F_b_040.jpg
357469.9367,3462302.894,29.8,SW205_01-06F_b_041.jpg
357468.4372,3462299.743,29.8,SW205_01-06F_b_042.jpg
357468.4372,3462299.743,27.3,SW205_01-06F_b_043.jpg
357469.9367,3462302.894,27.4,SW205_01-06F_b_044.jpg
357471.4334,3462305.834,27.5,SW205_01-06F_b_045.jpg
357472.9205,3462308.774,27.5,SW205_01-06F_b_046.jpg
357473.6842,3462311.723,27.4,SW205_01-06F_b_047.jpg
357475.1837,3462314.874,27.4,SW205_01-06F_b_048.jpg
357476.686,3462318.235,27.2,SW205_01-06F_b_049.jpg
357476.6889,3462318.445,24.7,SW205_01-06F_b_050.jpg
357475.91,3462315.075,25,SW205_01-06F_b_051.jpg
357474.42,3462311.924,25.1,SW205_01-06F_b_052.jpg
357472.1999,3462308.994,25,SW205_01-06F_b_053.jpg
357471.4334,3462305.834,25.1,SW205_01-06F_b_054.jpg
357469.9367,3462302.894,25,SW205_01-06F_b_055.jpg
357464.8217,3462300.635,24.3,SW205_01-06F_b_056.jpg
357468.44,3462299.954,22.3,SW205_01-06F_b_057.jpg
357469.9396,3462303.104,22.5,SW205_01-06F_b_058.jpg
357471.4362,3462306.044,22.7,SW205_01-06F_b_059.jpg
357472.9234,3462308.984,22.7,SW205_01-06F_b_060.jpg
357474.4229,3462312.135,22.6,SW205_01-06F_b_061.jpg
357475.9129,3462315.285,22.4,SW205_01-06F_b_062.jpg
357477.421,3462319.068,22,SW205_01-06F_b_063.jpg
357477.424,3462319.289,19.3,SW205_01-06F_b_064.jpg
357475.9186,3462315.706,19.8,SW205_01-06F_b_065.jpg
357479.4604,3462308.685,22.1,SW205_01-06F_b_066.jpg
357472.9262,3462309.195,20.2,SW205_01-06F_b_067.jpg
357471.4391,3462306.255,20.2,SW205_01-06F_b_068.jpg
357469.9396,3462303.104,20,SW205_01-06F_b_069.jpg
357468.44,3462299.954,19.8,SW205_01-06F_b_070.jpg
357468.44,3462299.954,17,SW205_01-06F_b_071.jpg
357466.3231,3462304.628,15.6,SW205_01-06F_b_072.jpg
357471.4419,3462306.465,17.5,SW205_01-06F_b_073.jpg
357477.2574,3462307.018,19.8,SW205_01-06F_b_074.jpg
357479.4632,3462308.895,20.1,SW205_01-06F_b_075.jpg
357480.2326,3462312.266,19.4,SW205_01-06F_b_076.jpg
357481.735,3462315.627,18.8,SW205_01-06F_b_077.jpg
357468.44,3462299.954,69,SW205_07-12F_c_001.jpg
357469.9453,3462303.526,68.8,SW205_07-12F_c_002.jpg
357471.4477,3462306.887,68.6,SW205_07-12F_c_003.jpg
357472.9376,3462310.037,68.5,SW205_07-12F_c_004.jpg
357474.443,3462313.62,68.7,SW205_07-12F_c_005.jpg
357475.9359,3462316.981,68.9,SW205_07-12F_c_006.jpg
357478.1589,3462320.122,66.3,SW205_07-12F_c_008.jpg
357475.933,3462316.771,66.1,SW205_07-12F_c_009.jpg
357474.4372,3462313.188,65.9,SW205_07-12F_c_010.jpg
357472.9348,3462309.827,65.8,SW205_07-12F_c_011.jpg
357462.7737,3462310.386,68.3,SW205_07-12F_c_012.jpg
357461.99,3462305.962,68.2,SW205_07-12F_c_013.jpg
357461.1967,3462301.527,68.1,SW205_07-12F_c_014.jpg
357468.44,3462299.954,63.4,SW205_07-12F_c_015.jpg
357469.9424,3462303.315,63.3,SW205_07-12F_c_016.jpg
357471.4419,3462306.465,63.2,SW205_07-12F_c_017.jpg
357472.9348,3462309.827,63.2,SW205_07-12F_c_018.jpg
357474.4343,3462312.977,63.3,SW205_07-12F_c_019.jpg
357475.9273,3462316.349,63.3,SW205_07-12F_c_020.jpg
357477.4297,3462319.71,63.6,SW205_07-12F_c_021.jpg
357477.4297,3462319.71,60.9,SW205_07-12F_c_022.jpg
357475.9243,3462316.128,60.7,SW205_07-12F_c_023.jpg
357474.4314,3462312.766,60.7,SW205_07-12F_c_024.jpg
357472.9319,3462309.616,60.7,SW205_07-12F_c_025.jpg
357471.4419,3462306.465,60.7,SW205_07-12F_c_026.jpg
357469.9424,3462303.315,60.8,SW205_07-12F_c_027.jpg
357461.1967,3462301.527,61.6,SW205_07-12F_c_028.jpg
357468.44,3462299.954,58.3,SW205_07-12F_c_029.jpg
357469.9424,3462303.315,58.2,SW205_07-12F_c_030.jpg
357471.4419,3462306.465,58.2,SW205_07-12F_c_031.jpg
357472.9319,3462309.616,58.2,SW205_07-12F_c_032.jpg
357474.4314,3462312.766,58.2,SW205_07-12F_c_033.jpg
357475.9214,3462315.917,58.2,SW205_07-12F_c_034.jpg
357477.4268,3462319.5,58.3,SW205_07-12F_c_035.jpg
357477.4268,3462319.5,55.7,SW205_07-12F_c_036.jpg
357475.9214,3462315.917,55.7,SW205_07-12F_c_037.jpg
357474.4314,3462312.766,55.8,SW205_07-12F_c_038.jpg
357472.9319,3462309.616,55.8,SW205_07-12F_c_039.jpg
357471.4419,3462306.465,55.8,SW205_07-12F_c_040.jpg
357469.9424,3462303.315,55.7,SW205_07-12F_c_041.jpg
357468.4429,3462300.164,55.7,SW205_07-12F_c_042.jpg
357468.44,3462299.954,53.2,SW205_07-12F_c_043.jpg
357469.9424,3462303.315,53.3,SW205_07-12F_c_044.jpg
357471.4419,3462306.465,53.3,SW205_07-12F_c_045.jpg
357472.9319,3462309.616,53.3,SW205_07-12F_c_046.jpg
357474.4314,3462312.766,53.3,SW205_07-12F_c_047.jpg
357475.9243,3462316.128,53.2,SW205_07-12F_c_048.jpg
357477.4297,3462319.71,53.1,SW205_07-12F_c_049.jpg
357477.4325,3462319.921,50.4,SW205_07-12F_c_050.jpg
357467.3174,3462323.861,48.5,SW205_07-12F_c_051.jpg
357474.4343,3462312.977,50.7,SW205_07-12F_c_052.jpg
357472.9348,3462309.827,50.8,SW205_07-12F_c_053.jpg
357471.4419,3462306.465,50.8,SW205_07-12F_c_054.jpg
357467.0504,3462304.197,50.1,SW205_07-12F_c_055.jpg
357468.44,3462299.954,50.6,SW205_07-12F_c_056.jpg
357468.44,3462299.954,47.8,SW205_07-12F_c_057.jpg
357470.6659,3462303.305,48.2,SW205_07-12F_c_058.jpg
357471.4448,3462306.676,48.2,SW205_07-12F_c_059.jpg
357472.9348,3462309.827,48.2,SW205_07-12F_c_060.jpg
357474.4372,3462313.188,48.1,SW205_07-12F_c_061.jpg
357467.3202,3462324.072,44.9,SW205_07-12F_c_062.jpg
357478.1589,3462320.122,47.6,SW205_07-12F_c_063.jpg
357418.7775,3462386.906,14.5,SW205_07-12F_c_064.jpg
357476.666,3462316.761,45.1,SW205_07-12F_c_065.jpg
357475.1606,3462313.178,45.5,SW205_07-12F_c_066.jpg
357473.6583,3462309.817,45.7,SW205_07-12F_c_067.jpg
357472.1683,3462306.666,45.6,SW205_07-12F_c_068.jpg
357470.6659,3462303.305,45.4,SW205_07-12F_c_069.jpg
357468.44,3462299.954,45,SW205_07-12F_c_070.jpg
357468.44,3462299.954,42.1,SW205_07-12F_c_071.jpg
357470.6688,3462303.516,42.4,SW205_07-12F_c_072.jpg
357472.1711,3462306.877,42.6,SW205_07-12F_c_073.jpg
357473.6668,3462310.449,42.7,SW205_07-12F_c_074.jpg
357475.1694,3462313.821,42.5,SW205_07-12F_c_075.jpg
357476.6746,3462317.392,42.1,SW205_07-12F_c_076.jpg
357435.2774,3462371.459,13.6,SW205_07-12F_c_077.jpg
357457.9604,3462277.047,69.6,SW205_07-12F_d_001.jpg
357459.4685,3462280.829,69.1,SW205_07-12F_d_002.jpg
357460.9642,3462284.401,69,SW205_07-12F_d_003.jpg
357462.4667,3462287.773,68.7,SW205_07-12F_d_004.jpg
357463.972,3462291.345,68.7,SW205_07-12F_d_005.jpg
357465.4648,3462294.706,68.9,SW205_07-12F_d_006.jpg
357466.9729,3462298.488,69.1,SW205_07-12F_d_007.jpg
357469.2046,3462302.272,69.4,SW205_07-12F_d_008.jpg
357469.1959,3462301.629,66.4,SW205_07-12F_d_009.jpg
357467.685,3462297.636,66,SW205_07-12F_d_010.jpg
357466.1797,3462294.064,65.9,SW205_07-12F_d_011.jpg
357457.4723,3462294.393,67.7,SW205_07-12F_d_012.jpg
357463.1843,3462287.331,65.8,SW205_07-12F_d_013.jpg
357453.0032,3462286.416,68.1,SW205_07-12F_d_014.jpg
357459.4656,3462280.618,66.3,SW205_07-12F_d_015.jpg
357451.4357,3462277.556,68.2,SW205_07-12F_d_016.jpg
357451.4357,3462277.556,64.8,SW205_07-12F_d_017.jpg
357459.4656,3462280.618,63.4,SW205_07-12F_d_018.jpg
357460.9585,3462283.98,63.3,SW205_07-12F_d_019.jpg
357462.4609,3462287.341,63.2,SW205_07-12F_d_020.jpg
357463.9634,3462290.713,63.2,SW205_07-12F_d_021.jpg
357465.4562,3462294.074,63.2,SW205_07-12F_d_022.jpg
357466.9586,3462297.435,63.3,SW205_07-12F_d_023.jpg
357469.1873,3462300.997,63.5,SW205_07-12F_d_024.jpg
357465.5968,3462304.427,61.2,SW205_07-12F_d_025.jpg
357463.3624,3462300.444,61.1,SW205_07-12F_d_026.jpg
357465.4534,3462293.863,60.6,SW205_07-12F_d_027.jpg
357463.9605,3462290.502,60.6,SW205_07-12F_d_028.jpg
357462.4609,3462287.341,60.6,SW205_07-12F_d_029.jpg
357460.9585,3462283.98,60.7,SW205_07-12F_d_030.jpg
357459.4628,3462280.408,60.8,SW205_07-12F_d_031.jpg
357457.9604,3462277.047,60.8,SW205_07-12F_d_032.jpg
357457.9604,3462277.047,58.1,SW205_07-12F_d_033.jpg
357459.4656,3462280.618,58,SW205_07-12F_d_034.jpg
357460.9585,3462283.98,58,SW205_07-12F_d_035.jpg
357462.4609,3462287.341,58,SW205_07-12F_d_036.jpg
357463.9605,3462290.502,58,SW205_07-12F_d_037.jpg
357465.4534,3462293.863,58,SW205_07-12F_d_038.jpg
357467.6764,3462297.004,58,SW205_07-12F_d_039.jpg
357469.1816,3462300.576,58,SW205_07-12F_d_040.jpg
357468.4515,3462300.796,55.4,SW205_07-12F_d_041.jpg
357466.9558,3462297.224,55.5,SW205_07-12F_d_042.jpg
357465.4505,3462293.653,55.5,SW205_07-12F_d_043.jpg
357463.9605,3462290.502,55.4,SW205_07-12F_d_044.jpg
357462.458,3462287.13,55.5,SW205_07-12F_d_045.jpg
357460.9585,3462283.98,55.4,SW205_07-12F_d_046.jpg
357459.4656,3462280.618,55.4,SW205_07-12F_d_047.jpg
357457.9604,3462277.047,55.3,SW205_07-12F_d_048.jpg
357457.9604,3462277.047,52.5,SW205_07-12F_d_049.jpg
357459.4656,3462280.618,52.7,SW205_07-12F_d_050.jpg
357460.9585,3462283.98,52.8,SW205_07-12F_d_051.jpg
357462.4637,3462287.551,52.8,SW205_07-12F_d_052.jpg
357463.9634,3462290.713,52.9,SW205_07-12F_d_053.jpg
357465.4562,3462294.074,52.9,SW205_07-12F_d_054.jpg
357467.6792,3462297.215,52.8,SW205_07-12F_d_055.jpg
357464.882,3462305.08,52.1,SW205_07-12F_d_056.jpg
357467.7567,3462302.923,49.5,SW205_07-12F_d_057.jpg
357465.528,3462299.361,49.6,SW205_07-12F_d_058.jpg
357463.2992,3462295.788,49.6,SW205_07-12F_d_059.jpg
357463.9634,3462290.713,50.3,SW205_07-12F_d_060.jpg
357462.4609,3462287.341,50.2,SW205_07-12F_d_061.jpg
357460.9613,3462284.19,50.2,SW205_07-12F_d_062.jpg
357459.4656,3462280.618,49.9,SW205_07-12F_d_063.jpg
357457.9604,3462277.047,49.6,SW205_07-12F_d_064.jpg
357457.9604,3462277.047,46.7,SW205_07-12F_d_065.jpg
357459.4656,3462280.618,47.2,SW205_07-12F_d_066.jpg
357460.9613,3462284.19,47.4,SW205_07-12F_d_067.jpg
357462.4637,3462287.551,47.6,SW205_07-12F_d_068.jpg
357464.6897,3462290.914,47.6,SW205_07-12F_d_069.jpg
357464.0293,3462295.568,46.9,SW205_07-12F_d_070.jpg
357467.685,3462297.636,47.4,SW205_07-12F_d_071.jpg
357469.1931,3462301.418,47.2,SW205_07-12F_d_072.jpg
357468.4888,3462303.545,43.4,SW205_07-12F_d_073.jpg
357467.6935,3462298.268,44.5,SW205_07-12F_d_074.jpg
357466.1883,3462294.696,44.7,SW205_07-12F_d_075.jpg
357464.6954,3462291.335,44.8,SW205_07-12F_d_076.jpg
357462.4696,3462287.984,44.7,SW205_07-12F_d_077.jpg
357460.9642,3462284.401,44.6,SW205_07-12F_d_078.jpg
357459.4685,3462280.829,44.2,SW205_07-12F_d_079.jpg
357457.9604,3462277.047,43.7,SW205_07-12F_d_080.jpg
357457.9604,3462277.047,40.5,SW205_07-12F_d_081.jpg
357459.4685,3462280.829,41.2,SW205_07-12F_d_082.jpg
357460.9671,3462284.611,41.6,SW205_07-12F_d_083.jpg
357463.1959,3462288.184,41.8,SW205_07-12F_d_084.jpg
357464.6983,3462291.545,41.9,SW205_07-12F_d_085.jpg
357466.194,3462295.117,41.8,SW205_07-12F_d_086.jpg
357468.4256,3462298.89,41.5,SW205_07-12F_d_087.jpg
357468.4974,3462304.177,40.3,SW205_07-12F_d_088.jpg
357457.9661,3462277.468,98.4,SW205_13-18F_e_001.jpg
357459.4771,3462281.461,97.9,SW205_13-18F_e_002.jpg
357461.7059,3462285.034,97.6,SW205_13-18F_e_003.jpg
357463.2045,3462288.816,97.5,SW205_13-18F_e_004.jpg
357464.7097,3462292.388,97.5,SW205_13-18F_e_005.jpg
357466.9413,3462296.16,97.7,SW205_13-18F_e_006.jpg
357468.4429,3462300.164,98,SW205_13-18F_e_007.jpg
357469.9539,3462304.157,98.4,SW205_13-18F_e_008.jpg
357469.9453,3462303.526,95.2,SW205_13-18F_e_009.jpg
357464.1298,3462302.973,96,SW205_13-18F_e_010.jpg
357466.2026,3462295.749,94.7,SW205_13-18F_e_011.jpg
357464.7069,3462292.177,94.6,SW205_13-18F_e_012.jpg
357463.2016,3462288.606,94.5,SW205_13-18F_e_013.jpg
357461.7059,3462285.034,94.6,SW205_13-18F_e_014.jpg
357451.5132,3462283.265,97,SW205_13-18F_e_015.jpg
357457.9661,3462277.468,95.2,SW205_13-18F_e_016.jpg
357457.969,3462277.678,92.2,SW205_13-18F_e_017.jpg
357459.4742,3462281.25,91.9,SW205_13-18F_e_018.jpg
357461.7031,3462284.823,91.8,SW205_13-18F_e_019.jpg
357463.1988,3462288.395,91.7,SW205_13-18F_e_020.jpg
357464.704,3462291.967,91.7,SW205_13-18F_e_021.jpg
357466.2026,3462295.749,91.8,SW205_13-18F_e_022.jpg
357467.708,3462299.332,91.9,SW205_13-18F_e_023.jpg
357469.2218,3462303.535,92.1,SW205_13-18F_e_024.jpg
357469.9396,3462303.104,89.1,SW205_13-18F_e_025.jpg
357467.7051,3462299.121,89,SW205_13-18F_e_026.jpg
357466.1969,3462295.328,89,SW205_13-18F_e_027.jpg
357464.7012,3462291.756,88.9,SW205_13-18F_e_028.jpg
357463.1959,3462288.184,88.9,SW205_13-18F_e_029.jpg
357461.7031,3462284.823,89,SW205_13-18F_e_030.jpg
357459.4742,3462281.25,89.1,SW205_13-18F_e_031.jpg
357457.9661,3462277.468,89.1,SW205_13-18F_e_032.jpg
357457.9661,3462277.468,86.2,SW205_13-18F_e_033.jpg
357460.1977,3462281.24,86.2,SW205_13-18F_e_034.jpg
357461.7031,3462284.823,86.2,SW205_13-18F_e_035.jpg
357463.1959,3462288.184,86.2,SW205_13-18F_e_036.jpg
357464.7012,3462291.756,86.2,SW205_13-18F_e_037.jpg
357466.1969,3462295.328,86.2,SW205_13-18F_e_038.jpg
357467.7021,3462298.899,86.2,SW205_13-18F_e_039.jpg
357469.2132,3462302.903,86.2,SW205_13-18F_e_040.jpg
357469.2132,3462302.903,83.4,SW205_13-18F_e_041.jpg
357467.7021,3462298.899,83.5,SW205_13-18F_e_042.jpg
357466.1969,3462295.328,83.5,SW205_13-18F_e_043.jpg
357464.7012,3462291.756,83.5,SW205_13-18F_e_044.jpg
357463.1959,3462288.184,83.5,SW205_13-18F_e_045.jpg
357461.7031,3462284.823,83.5,SW205_13-18F_e_046.jpg
357460.1977,3462281.24,83.5,SW205_13-18F_e_047.jpg
357458.6991,3462277.458,83.4,SW205_13-18F_e_048.jpg
357458.6991,3462277.458,80.5,SW205_13-18F_e_049.jpg
357460.1977,3462281.24,80.6,SW205_13-18F_e_050.jpg
357461.7031,3462284.823,80.8,SW205_13-18F_e_051.jpg
357463.1988,3462288.395,80.8,SW205_13-18F_e_052.jpg
357464.7012,3462291.756,80.8,SW205_13-18F_e_053.jpg
357466.1969,3462295.328,80.7,SW205_13-18F_e_054.jpg
357464.836,3462301.688,80.1,SW205_13-18F_e_055.jpg
357469.9396,3462303.104,80.5,SW205_13-18F_e_056.jpg
357469.9424,3462303.315,77.4,SW205_13-18F_e_057.jpg
357467.7108,3462299.542,77.7,SW205_13-18F_e_058.jpg
357466.1997,3462295.538,77.9,SW205_13-18F_e_059.jpg
357464.704,3462291.967,78,SW205_13-18F_e_060.jpg
357463.2016,3462288.606,77.9,SW205_13-18F_e_061.jpg
357461.7031,3462284.823,77.9,SW205_13-18F_e_062.jpg
357460.1977,3462281.24,77.7,SW205_13-18F_e_063.jpg
357458.6991,3462277.458,77.5,SW205_13-18F_e_064.jpg
357458.6991,3462277.458,74.5,SW205_13-18F_e_065.jpg
357459.4771,3462281.461,74.7,SW205_13-18F_e_066.jpg
357461.7059,3462285.034,75,SW205_13-18F_e_067.jpg
357463.2016,3462288.606,75.1,SW205_13-18F_e_068.jpg
357464.7069,3462292.177,75.1,SW205_13-18F_e_069.jpg
357466.2055,3462295.96,75,SW205_13-18F_e_070.jpg
357468.4372,3462299.743,74.7,SW205_13-18F_e_071.jpg
357469.951,3462303.947,74.3,SW205_13-18F_e_072.jpg
357469.9596,3462304.579,71.1,SW205_13-18F_e_073.jpg
357468.4458,3462300.375,71.6,SW205_13-18F_e_074.jpg
357466.9443,3462296.382,71.9,SW205_13-18F_e_075.jpg
357464.7126,3462292.598,72.1,SW205_13-18F_e_076.jpg
357463.2045,3462288.816,72.1,SW205_13-18F_e_077.jpg
357461.7059,3462285.034,72,SW205_13-18F_e_078.jpg
357460.2005,3462281.451,71.8,SW205_13-18F_e_079.jpg
357458.6991,3462277.458,71.4,SW205_13-18F_e_080.jpg
357447.093,3462278.879,62.9,SW205_13-18F_e_081.jpg
357460.2005,3462281.451,68.7,SW205_13-18F_e_082.jpg
357462.4323,3462285.234,69,SW205_13-18F_e_083.jpg
357463.2102,3462289.237,68.8,SW205_13-18F_e_084.jpg
357465.4389,3462292.799,69,SW205_13-18F_e_085.jpg
357466.9529,3462297.014,68.6,SW205_13-18F_e_086.jpg
357468.4543,3462301.007,68.2,SW205_13-18F_e_087.jpg
357470.6975,3462305.633,67.5,SW205_13-18F_e_088.jpg
357468.4429,3462300.164,97.1,SW205_13-18F_f_001.jpg
357469.9481,3462303.736,96.9,SW205_13-18F_f_002.jpg
357472.1769,3462307.298,97,SW205_13-18F_f_003.jpg
357473.6756,3462311.091,97.1,SW205_13-18F_f_004.jpg
357475.1837,3462314.874,97.4,SW205_13-18F_f_005.jpg
357476.6975,3462319.077,97.8,SW205_13-18F_f_006.jpg
357476.6889,3462318.445,94.4,SW205_13-18F_f_007.jpg
357475.1779,3462314.453,94.1,SW205_13-18F_f_008.jpg
357473.6699,3462310.67,93.9,SW205_13-18F_f_009.jpg
357471.4505,3462307.097,93.8,SW205_13-18F_f_010.jpg
357469.9481,3462303.736,93.8,SW205_13-18F_f_011.jpg
357468.4429,3462300.164,93.9,SW205_13-18F_f_012.jpg
357468.4429,3462300.164,90.9,SW205_13-18F_f_013.jpg
357469.9453,3462303.526,90.8,SW205_13-18F_f_014.jpg
357471.4505,3462307.097,90.8,SW205_13-18F_f_015.jpg
357472.9464,3462310.68,90.9,SW205_13-18F_f_016.jpg
357475.1751,3462314.242,91,SW205_13-18F_f_017.jpg
357475.9588,3462318.666,91.2,SW205_13-18F_f_018.jpg
357475.9559,3462318.455,88.1,SW205_13-18F_f_019.jpg
357475.1751,3462314.242,87.9,SW205_13-18F_f_020.jpg
357472.9434,3462310.458,87.9,SW205_13-18F_f_021.jpg
357471.4505,3462307.097,87.8,SW205_13-18F_f_022.jpg
357469.9453,3462303.526,87.8,SW205_13-18F_f_023.jpg
357468.4429,3462300.164,87.9,SW205_13-18F_f_024.jpg
357468.4429,3462300.164,85,SW205_13-18F_f_025.jpg
357469.9453,3462303.526,85,SW205_13-18F_f_026.jpg
357471.4505,3462307.097,85,SW205_13-18F_f_027.jpg
357472.9434,3462310.458,85,SW205_13-18F_f_028.jpg
357474.4487,3462314.041,85,SW205_13-18F_f_029.jpg
357476.6832,3462318.024,84.9,SW205_13-18F_f_030.jpg
357476.6832,3462318.024,81.8,SW205_13-18F_f_031.jpg
357475.1751,3462314.242,82,SW205_13-18F_f_032.jpg
357472.9434,3462310.458,82,SW205_13-18F_f_033.jpg
357471.4505,3462307.097,82,SW205_13-18F_f_034.jpg
357469.9453,3462303.526,82.1,SW205_13-18F_f_035.jpg
357468.4429,3462300.164,82,SW205_13-18F_f_036.jpg
357468.4429,3462300.164,79,SW205_13-18F_f_037.jpg
357469.9453,3462303.526,79.1,SW205_13-18F_f_038.jpg
357471.4505,3462307.097,79.1,SW205_13-18F_f_039.jpg
357472.9464,3462310.68,79,SW205_13-18F_f_040.jpg
357475.1751,3462314.242,78.9,SW205_13-18F_f_041.jpg
357476.6889,3462318.445,78.6,SW205_13-18F_f_042.jpg
357476.6918,3462318.656,75.3,SW205_13-18F_f_043.jpg
357475.1779,3462314.453,75.7,SW205_13-18F_f_044.jpg
357473.6727,3462310.881,75.9,SW205_13-18F_f_045.jpg
357472.174,3462307.087,76,SW205_13-18F_f_046.jpg
357469.9481,3462303.736,76.1,SW205_13-18F_f_047.jpg
357468.4429,3462300.164,75.9,SW205_13-18F_f_048.jpg
357468.4429,3462300.164,72.7,SW205_13-18F_f_049.jpg
357470.6716,3462303.726,72.9,SW205_13-18F_f_050.jpg
357472.1769,3462307.298,72.8,SW205_13-18F_f_051.jpg
357472.955,3462311.312,72.5,SW205_13-18F_f_052.jpg
357475.1865,3462315.084,72.4,SW205_13-18F_f_053.jpg
357476.6975,3462319.077,71.9,SW205_13-18F_f_054.jpg
357477.4297,3462319.71,68.2,SW205_13-18F_f_055.jpg
357475.1922,3462315.506,68.9,SW205_13-18F_f_056.jpg
357473.6784,3462311.302,69.3,SW205_13-18F_f_057.jpg
357472.1827,3462307.73,69.4,SW205_13-18F_f_058.jpg
357470.6745,3462303.937,69.5,SW205_13-18F_f_059.jpg
357468.4429,3462300.164,69.2,SW205_13-18F_f_060.jpg
357464.7012,3462291.756,111.9,SW205_19-21F_g_001.jpg
357466.9356,3462295.739,111.5,SW205_19-21F_g_002.jpg
357468.4343,3462299.533,111.3,SW205_19-21F_g_003.jpg
357469.9424,3462303.315,111.2,SW205_19-21F_g_004.jpg
357471.4477,3462306.887,111.2,SW205_19-21F_g_005.jpg
357472.9464,3462310.68,111.3,SW205_19-21F_g_006.jpg
357475.1808,3462314.663,111.5,SW205_19-21F_g_007.jpg
357476.6946,3462318.867,111.8,SW205_19-21F_g_008.jpg
357475.9588,3462318.666,108.8,SW205_19-21F_g_009.jpg
357474.4545,3462314.462,108.6,SW205_19-21F_g_010.jpg
357472.9434,3462310.458,108.4,SW205_19-21F_g_011.jpg
357471.4448,3462306.676,108.4,SW205_19-21F_g_012.jpg
357469.9396,3462303.104,108.4,SW205_19-21F_g_013.jpg
357468.4343,3462299.533,108.5,SW205_19-21F_g_014.jpg
357466.9356,3462295.739,108.5,SW205_19-21F_g_015.jpg
357464.704,3462291.967,108.9,SW205_19-21F_g_016.jpg
357464.7012,3462291.756,105.9,SW205_19-21F_g_017.jpg
357461.8638,3462296.662,106.3,SW205_19-21F_g_018.jpg
357468.4343,3462299.533,105.8,SW205_19-21F_g_019.jpg
357469.9396,3462303.104,105.7,SW205_19-21F_g_020.jpg
357471.4448,3462306.676,105.6,SW205_19-21F_g_021.jpg
357467.9089,3462314.13,106.4,SW205_19-21F_g_022.jpg
357474.4516,3462314.252,105.8,SW205_19-21F_g_023.jpg
357474.5377,3462320.592,106.2,SW205_19-21F_g_024.jpg
357474.532,3462320.171,103.1,SW205_19-21F_g_025.jpg
357470.1376,3462317.692,103.2,SW205_19-21F_g_026.jpg
357470.0658,3462312.404,103.1,SW205_19-21F_g_027.jpg
357471.4419,3462306.465,103,SW205_19-21F_g_028.jpg
357469.9367,3462302.894,103,SW205_19-21F_g_029.jpg
357468.4315,3462299.322,103.1,SW205_19-21F_g_030.jpg
357461.8638,3462296.662,103.2,SW205_19-21F_g_031.jpg
357463.9805,3462291.976,103.1,SW205_19-21F_g_032.jpg
357463.2475,3462291.986,100.3,SW205_19-21F_g_033.jpg
357466.2026,3462295.749,100.4,SW205_19-21F_g_034.jpg
357468.4315,3462299.322,100.4,SW205_19-21F_g_035.jpg
357469.9367,3462302.894,100.5,SW205_19-21F_g_036.jpg
357471.4419,3462306.465,100.5,SW205_19-21F_g_037.jpg
357467.9032,3462313.709,100.2,SW205_19-21F_g_038.jpg
357470.1405,3462317.902,100.1,SW205_19-21F_g_039.jpg
357476.6803,3462317.814,100.3,SW205_19-21F_g_040.jpg
357476.6832,3462318.024,97.5,SW205_19-21F_g_041.jpg
357475.1722,3462314.031,97.7,SW205_19-21F_g_042.jpg
357472.9405,3462310.248,97.7,SW205_19-21F_g_043.jpg
357471.4419,3462306.465,97.8,SW205_19-21F_g_044.jpg
357469.9367,3462302.894,97.8,SW205_19-21F_g_045.jpg
357468.4315,3462299.322,97.7,SW205_19-21F_g_046.jpg
357466.9356,3462295.739,97.6,SW205_19-21F_g_047.jpg
357464.7012,3462291.756,97.5,SW205_19-21F_g_048.jpg
357457.9632,3462277.257,112.2,SW205_19-21F_h_001.jpg
357460.1977,3462281.24,111.8,SW205_19-21F_h_002.jpg
357461.7088,3462285.244,111.5,SW205_19-21F_h_003.jpg
357463.2074,3462289.027,111.4,SW205_19-21F_h_004.jpg
357464.7155,3462292.809,111.4,SW205_19-21F_h_005.jpg
357466.95,3462296.803,111.6,SW205_19-21F_h_006.jpg
357460.4646,3462300.905,109.9,SW205_19-21F_h_007.jpg
357464.7126,3462292.598,108.5,SW205_19-21F_h_008.jpg
357463.2045,3462288.816,108.5,SW205_19-21F_h_009.jpg
357461.7059,3462285.034,108.6,SW205_19-21F_h_010.jpg
357460.1977,3462281.24,108.8,SW205_19-21F_h_011.jpg
357457.9632,3462277.257,109,SW205_19-21F_h_012.jpg
357458.6962,3462277.247,105.9,SW205_19-21F_h_013.jpg
357460.1977,3462281.24,105.7,SW205_19-21F_h_014.jpg
357461.7059,3462285.034,105.7,SW205_19-21F_h_015.jpg
357463.2045,3462288.816,105.6,SW205_19-21F_h_016.jpg
357464.7126,3462292.598,105.7,SW205_19-21F_h_017.jpg
357460.4618,3462300.694,106.4,SW205_19-21F_h_018.jpg
357461.8982,3462299.2,103,SW205_19-21F_h_019.jpg
357464.7097,3462292.388,102.8,SW205_19-21F_h_020.jpg
357463.2016,3462288.606,102.8,SW205_19-21F_h_021.jpg
357461.7031,3462284.823,102.8,SW205_19-21F_h_022.jpg
357460.1977,3462281.24,102.8,SW205_19-21F_h_023.jpg
357458.6962,3462277.247,102.9,SW205_19-21F_h_024.jpg
357458.6962,3462277.247,100,SW205_19-21F_h_025.jpg
357460.1977,3462281.24,100,SW205_19-21F_h_026.jpg
357461.7059,3462285.034,100.1,SW205_19-21F_h_027.jpg
357463.2016,3462288.606,100.1,SW205_19-21F_h_028.jpg
357464.7097,3462292.388,100.1,SW205_19-21F_h_029.jpg
357466.2113,3462296.392,100.1,SW205_19-21F_h_030.jpg
357466.2113,3462296.392,97.2,SW205_19-21F_h_031.jpg
357464.7126,3462292.598,97.3,SW205_19-21F_h_032.jpg
357463.2045,3462288.816,97.3,SW205_19-21F_h_033.jpg
357461.7059,3462285.034,97.2,SW205_19-21F_h_034.jpg
357460.1948,3462281.03,97.2,SW205_19-21F_h_035.jpg
357457.9632,3462277.257,96.9,SW205_19-21F_h_036.jpg
