357491.862059811,3462273.282544,31.123,SW205_01-06F_a_001.jpg
357491.834103137,3462273.32727067,31.1,SW205_01-06F_a_002.jpg
357491.777437516,3462273.3613002,31.062,SW205_01-06F_a_003.jpg
357491.758849885,3462273.3948129,31.091,SW205_01-06F_a_004.jpg
357491.7401118,3462273.41724084,31.082,SW205_01-06F_a_005.jpg
357491.730592303,3462273.41737005,31.079,SW205_01-06F_a_006.jpg
357491.749480842,3462273.40602687,31.086,SW205_01-06F_a_007.jpg
357491.749480842,3462273.40602687,31.085,SW205_01-06F_a_008.jpg
357491.768519835,3462273.40576845,31.085,SW205_01-06F_a_009.jpg
357491.768820743,3462273.42793798,31.112,SW205_01-06F_a_010.jpg
357491.740864069,3462273.47266464,31.101,SW205_01-06F_a_011.jpg
357491.769272105,3462273.46119226,31.066,SW205_01-06F_a_012.jpg
357491.769121651,3462273.4501075,31.08,SW205_01-06F_a_013.jpg
357491.759602154,3462273.4502367,31.069,SW205_01-06F_a_014.jpg
357491.740412708,3462273.43941036,31.086,SW205_01-06F_a_015.jpg
357491.749932204,3462273.43928115,31.113,SW205_01-06F_a_016.jpg
357491.721373715,3462273.43966878,31.107,SW205_01-06F_a_017.jpg
357491.712456034,3462273.48413703,31.089,SW205_01-06F_a_018.jpg
357491.721674623,3462273.4618383,31.091,SW205_01-06F_a_019.jpg
357491.721223261,3462273.42858402,31.084,SW205_01-06F_a_020.jpg
357491.730893211,3462273.43953957,31.062,SW205_01-06F_a_021.jpg
357491.721524169,3462273.45075354,31.09,SW205_01-06F_a_022.jpg
357491.740412708,3462273.43941036,31.11,SW205_01-06F_a_023.jpg
357491.731043665,3462273.45062433,31.094,SW205_01-06F_a_024.jpg
357491.759602154,3462273.4502367,31.1,SW205_01-06F_a_025.jpg
357491.788311097,3462273.46093384,31.089,SW205_01-06F_a_026.jpg
357491.778641147,3462273.44997829,31.097,SW205_01-06F_a_027.jpg
357491.740563161,3462273.45049512,31.095,SW205_01-06F_a_028.jpg
357491.750233112,3462273.46145067,31.088,SW205_01-06F_a_029.jpg
357491.749932204,3462273.43928115,31.093,SW205_01-06F_a_030.jpg
357491.721524169,3462273.45075354,31.071,SW205_01-06F_a_031.jpg
357491.731194119,3462273.46170909,31.065,SW205_01-06F_a_032.jpg
357491.759602154,3462273.4502367,31.081,SW205_01-06F_a_033.jpg
357491.759752608,3462273.46132147,31.077,SW205_01-06F_a_034.jpg
357491.7594517,3462273.43915194,31.086,SW205_01-06F_a_035.jpg
357491.749932204,3462273.43928115,31.095,SW205_01-06F_a_036.jpg
357491.702033812,3462273.41775767,31.109,SW205_01-06F_a_037.jpg
357491.711854218,3462273.43979799,31.095,SW205_01-06F_a_038.jpg
357491.73044185,3462273.40628529,31.071,SW205_01-06F_a_039.jpg
357491.739810892,3462273.39507132,31.088,SW205_01-06F_a_040.jpg
357491.759150793,3462273.41698242,31.088,SW205_01-06F_a_041.jpg
357491.74978175,3462273.42819639,31.106,SW205_01-06F_a_042.jpg
357491.731194119,3462273.46170909,31.1,SW205_01-06F_a_043.jpg
357491.71230558,3462273.47305227,31.09,SW205_01-06F_a_044.jpg
357491.702334719,3462273.4399272,31.095,SW205_01-06F_a_045.jpg
357491.692062956,3462273.3846326,31.104,SW205_01-06F_a_046.jpg
357491.663053102,3462273.35176594,31.084,SW205_01-06F_a_047.jpg
357491.653383152,3462273.34081039,31.079,SW205_01-06F_a_048.jpg
357491.653232698,3462273.32972563,31.077,SW205_01-06F_a_049.jpg
357491.682543459,3462273.38476181,31.084,SW205_01-06F_a_050.jpg
357491.702033812,3462273.41775767,31.071,SW205_01-06F_a_051.jpg
357491.702485173,3462273.45101196,31.089,SW205_01-06F_a_052.jpg
357491.693116133,3462273.46222593,31.082,SW205_01-06F_a_053.jpg
357491.666663997,3462273.6178002,31.096,SW205_01-06F_a_054.jpg
357491.63705233,3462273.5405945,31.086,SW205_01-06F_a_055.jpg
357491.656091323,3462273.54033609,31.081,SW205_01-06F_a_056.jpg
357491.693868403,3462273.51764973,31.078,SW205_01-06F_a_057.jpg
357491.722426892,3462273.5172621,31.073,SW205_01-06F_a_058.jpg
357491.741616339,3462273.52808845,31.101,SW205_01-06F_a_059.jpg
357491.761106693,3462273.56108431,31.12,SW205_01-06F_a_060.jpg
357491.799184681,3462273.56056748,31.115,SW205_01-06F_a_061.jpg
357491.817922763,3462273.53813954,31.103,SW205_01-06F_a_062.jpg
357491.789665182,3462273.56069669,31.106,SW205_01-06F_a_063.jpg
357491.761257147,3462273.57216907,31.112,SW205_01-06F_a_064.jpg
357491.73239775,3462273.55038718,31.077,SW205_01-06F_a_065.jpg
357491.770776643,3462273.57203986,31.091,SW205_01-06F_a_066.jpg
357491.818223671,3462273.56030906,31.071,SW205_01-06F_a_067.jpg
357491.798883773,3462273.53839796,31.082,SW205_01-06F_a_068.jpg
357491.789364274,3462273.53852717,31.073,SW205_01-06F_a_069.jpg
357491.779844778,3462273.53865637,31.078,SW205_01-06F_a_070.jpg
357491.770024374,3462273.51661606,31.072,SW205_01-06F_a_071.jpg
357491.769573012,3462273.48336178,31.091,SW205_01-06F_a_072.jpg
357491.770475735,3462273.54987034,31.103,SW205_01-06F_a_073.jpg
357491.77954387,3462273.51648685,31.084,SW205_01-06F_a_074.jpg
357491.798281958,3462273.49405891,31.094,SW205_01-06F_a_075.jpg
357491.798582865,3462273.51622844,31.095,SW205_01-06F_a_076.jpg
357491.789063366,3462273.51635764,31.075,SW205_01-06F_a_077.jpg
357491.789063366,3462273.51635764,31.077,SW205_01-06F_a_078.jpg
357491.808403269,3462273.53826875,31.059,SW205_01-06F_a_079.jpg
357491.798883773,3462273.53839796,31.054,SW205_01-06F_a_080.jpg
357491.808102362,3462273.51609923,31.078,SW205_01-06F_a_081.jpg
357491.78921382,3462273.52744241,31.089,SW205_01-06F_a_082.jpg
357491.731645481,3462273.49496337,31.096,SW205_01-06F_a_083.jpg
357491.721825076,3462273.47292306,31.095,SW205_01-06F_a_084.jpg
357491.712155126,3462273.46196751,31.091,SW205_01-06F_a_085.jpg
357491.692664772,3462273.42897164,31.081,SW205_01-06F_a_086.jpg
357491.644766379,3462273.40744816,31.075,SW205_01-06F_a_087.jpg
357491.654586783,3462273.42948848,31.074,SW205_01-06F_a_088.jpg
357500.211905638,3462292.90372329,31.062,SW205_01-06F_b_001.jpg
357500.212056084,3462292.91480805,31.085,SW205_01-06F_b_002.jpg
357500.183347202,3462292.9041109,31.061,SW205_01-06F_b_003.jpg
357500.17397817,3462292.91532486,31.045,SW205_01-06F_b_004.jpg
357500.154939211,3462292.91558326,31.047,SW205_01-06F_b_005.jpg
357500.135749808,3462292.90475691,31.066,SW205_01-06F_b_006.jpg
357500.080137395,3462293.01637972,31.07,SW205_01-06F_b_007.jpg
357500.089807322,3462293.02733528,31.08,SW205_01-06F_b_008.jpg
357500.108846279,3462293.02707688,31.087,SW205_01-06F_b_009.jpg
357500.146924193,3462293.02656007,31.076,SW205_01-06F_b_010.jpg
357500.183948986,3462292.94844994,31.094,SW205_01-06F_b_011.jpg
357500.213410098,3462293.0145709,31.075,SW205_01-06F_b_012.jpg
357500.261157936,3462293.02500966,31.095,SW205_01-06F_b_013.jpg
357500.298784514,3462292.99123857,31.103,SW205_01-06F_b_014.jpg
357500.251036673,3462292.98079981,31.077,SW205_01-06F_b_015.jpg
357500.194822476,3462293.04808359,31.059,SW205_01-06F_b_016.jpg
357500.155992333,3462292.99317659,31.101,SW205_01-06F_b_017.jpg
357500.088001969,3462292.89431815,31.092,SW205_01-06F_b_018.jpg
357500.097371001,3462292.88310419,31.083,SW205_01-06F_b_019.jpg
357500.154487873,3462292.88232898,31.063,SW205_01-06F_b_020.jpg
357500.182143634,3462292.81543281,31.077,SW205_01-06F_b_021.jpg
357500.172774602,3462292.82664677,31.098,SW205_01-06F_b_022.jpg
357500.192114449,3462292.84855789,31.093,SW205_01-06F_b_023.jpg
357500.18229408,3462292.82651757,31.103,SW205_01-06F_b_024.jpg
357500.20163393,3462292.84842869,31.097,SW205_01-06F_b_025.jpg
357500.201784376,3462292.85951345,31.122,SW205_01-06F_b_026.jpg
357500.202085268,3462292.88168297,31.112,SW205_01-06F_b_027.jpg
357500.192866679,3462292.9039817,31.104,SW205_01-06F_b_028.jpg
357500.202386159,3462292.90385249,31.089,SW205_01-06F_b_029.jpg
357500.183497648,3462292.91519566,31.09,SW205_01-06F_b_030.jpg
357500.192866679,3462292.9039817,31.073,SW205_01-06F_b_031.jpg
357500.221425116,3462292.90359409,31.094,SW205_01-06F_b_032.jpg
357500.231095041,3462292.91454965,31.108,SW205_01-06F_b_033.jpg
357500.231696825,3462292.95888869,31.085,SW205_01-06F_b_034.jpg
357500.203138389,3462292.9592763,31.107,SW205_01-06F_b_035.jpg
357500.184249878,3462292.97061946,31.108,SW205_01-06F_b_036.jpg
357500.155390549,3462292.94883755,31.1,SW205_01-06F_b_037.jpg
357500.125929437,3462292.88271659,31.081,SW205_01-06F_b_038.jpg
357500.097070109,3462292.86093467,31.065,SW205_01-06F_b_039.jpg
357500.11595862,3462292.8495915,31.096,SW205_01-06F_b_040.jpg
357500.058540857,3462292.82819719,31.088,SW205_01-06F_b_041.jpg
357500.067608997,3462292.79481371,31.118,SW205_01-06F_b_042.jpg
357500.077579811,3462292.82793879,31.104,SW205_01-06F_b_043.jpg
357500.087400185,3462292.84997911,31.108,SW205_01-06F_b_044.jpg
357500.097521448,3462292.89418895,31.114,SW205_01-06F_b_045.jpg
357500.126380775,3462292.91597087,31.093,SW205_01-06F_b_046.jpg
357500.116861297,3462292.91610007,31.087,SW205_01-06F_b_047.jpg
357500.107341818,3462292.91622927,31.059,SW205_01-06F_b_048.jpg
357500.116259512,3462292.87176103,31.076,SW205_01-06F_b_049.jpg
357500.135448915,3462292.88258738,31.084,SW205_01-06F_b_050.jpg
357500.154487873,3462292.88232898,31.091,SW205_01-06F_b_051.jpg
357500.164157797,3462292.89328454,31.107,SW205_01-06F_b_052.jpg
357500.154487873,3462292.88232898,31.095,SW205_01-06F_b_053.jpg
357500.192565787,3462292.88181217,31.087,SW205_01-06F_b_054.jpg
357500.144817948,3462292.87137342,31.094,SW205_01-06F_b_055.jpg
357500.145269286,3462292.9046277,31.083,SW205_01-06F_b_056.jpg
357500.1360507,3462292.92692643,31.058,SW205_01-06F_b_057.jpg
357500.145419732,3462292.91571246,31.073,SW205_01-06F_b_058.jpg
357500.154939211,3462292.91558326,31.06,SW205_01-06F_b_059.jpg
357500.164308243,3462292.9043693,31.084,SW205_01-06F_b_060.jpg
357500.145269286,3462292.9046277,31.112,SW205_01-06F_b_061.jpg
357500.145720624,3462292.93788199,31.117,SW205_01-06F_b_062.jpg
357500.126531221,3462292.92705563,31.091,SW205_01-06F_b_063.jpg
357500.145720624,3462292.93788199,31.082,SW205_01-06F_b_064.jpg
357500.154939211,3462292.91558326,31.09,SW205_01-06F_b_065.jpg
357500.145570178,3462292.92679723,31.093,SW205_01-06F_b_066.jpg
357500.155691441,3462292.97100707,31.091,SW205_01-06F_b_067.jpg
357500.146021516,3462292.96005151,31.096,SW205_01-06F_b_068.jpg
357500.117312635,3462292.94935435,31.094,SW205_01-06F_b_069.jpg
357500.0887542,3462292.94974196,31.075,SW205_01-06F_b_070.jpg
357500.05157896,3462293.01676733,31.061,SW205_01-06F_b_071.jpg
357500.119117988,3462293.08237148,31.07,SW205_01-06F_b_072.jpg
357500.176385306,3462293.09268103,31.088,SW205_01-06F_b_073.jpg
357500.195725152,3462293.11459215,31.1,SW205_01-06F_b_074.jpg
357500.157346347,3462293.09293944,31.096,SW205_01-06F_b_075.jpg
357500.186055231,3462293.10363659,31.088,SW205_01-06F_b_076.jpg
357500.186356123,3462293.12580612,31.093,SW205_01-06F_b_077.jpg
357502.767639218,3462293.20164044,57.167,SW205_07-12F_c_001.jpg
357502.75857107,3462293.23502392,57.17,SW205_07-12F_c_002.jpg
357502.748600262,3462293.20189884,57.18,SW205_07-12F_c_003.jpg
357502.748600262,3462293.20189884,57.169,SW205_07-12F_c_004.jpg
357502.739532114,3462293.23528232,57.152,SW205_07-12F_c_005.jpg
357502.730163079,3462293.24649628,57.152,SW205_07-12F_c_006.jpg
357502.730012636,3462293.23541152,57.151,SW205_07-12F_c_007.jpg
357502.739532114,3462293.23528232,57.153,SW205_07-12F_c_008.jpg
357502.75857107,3462293.23502392,57.17,SW205_07-12F_c_009.jpg
357502.768090548,3462293.23489472,57.185,SW205_07-12F_c_010.jpg
357502.777459585,3462293.22368076,57.184,SW205_07-12F_c_011.jpg
357502.749051592,3462293.23515312,57.178,SW205_07-12F_c_012.jpg
357502.730163079,3462293.24649628,57.172,SW205_07-12F_c_013.jpg
357502.749202035,3462293.24623788,57.163,SW205_07-12F_c_014.jpg
357502.815687941,3462293.23424873,57.17,SW205_07-12F_c_015.jpg
357502.767639218,3462293.20164044,57.176,SW205_07-12F_c_016.jpg
357502.767940105,3462293.22380996,57.177,SW205_07-12F_c_017.jpg
357502.7590224,3462293.2682782,57.181,SW205_07-12F_c_018.jpg
357502.730463966,3462293.2686658,57.178,SW205_07-12F_c_019.jpg
357502.71142501,3462293.2689242,57.18,SW205_07-12F_c_020.jpg
357502.730614409,3462293.27975056,57.204,SW205_07-12F_c_021.jpg
357502.758871957,3462293.25719344,57.2,SW205_07-12F_c_022.jpg
357502.758721513,3462293.24610868,57.164,SW205_07-12F_c_023.jpg
357502.730313522,3462293.25758104,57.18,SW205_07-12F_c_024.jpg
357502.730163079,3462293.24649628,57.188,SW205_07-12F_c_025.jpg
357502.720944488,3462293.268795,57.205,SW205_07-12F_c_026.jpg
357502.720794044,3462293.25771024,57.176,SW205_07-12F_c_027.jpg
357502.739532114,3462293.23528232,57.183,SW205_07-12F_c_028.jpg
357502.758721513,3462293.24610868,57.193,SW205_07-12F_c_029.jpg
357502.777910915,3462293.25693504,57.193,SW205_07-12F_c_030.jpg
357502.796799426,3462293.24559188,57.182,SW205_07-12F_c_031.jpg
357502.786979064,3462293.22355156,57.189,SW205_07-12F_c_032.jpg
357502.796498539,3462293.22342236,57.172,SW205_07-12F_c_033.jpg
357502.815236611,3462293.20099444,57.17,SW205_07-12F_c_034.jpg
357502.796498539,3462293.22342236,57.176,SW205_07-12F_c_035.jpg
357502.786979064,3462293.22355156,57.167,SW205_07-12F_c_036.jpg
357502.777610029,3462293.23476552,57.151,SW205_07-12F_c_037.jpg
357502.758871957,3462293.25719344,57.164,SW205_07-12F_c_038.jpg
357502.768240991,3462293.24597948,57.172,SW205_07-12F_c_039.jpg
357502.768240991,3462293.24597948,57.177,SW205_07-12F_c_040.jpg
357502.768090548,3462293.23489472,57.168,SW205_07-12F_c_041.jpg
357502.748901149,3462293.22406836,57.191,SW205_07-12F_c_042.jpg
357502.729711749,3462293.213242,57.186,SW205_07-12F_c_043.jpg
357502.729862192,3462293.22432676,57.193,SW205_07-12F_c_044.jpg
357502.729561306,3462293.20215724,57.19,SW205_07-12F_c_045.jpg
357502.748901149,3462293.22406836,57.17,SW205_07-12F_c_046.jpg
357502.767940105,3462293.22380996,57.192,SW205_07-12F_c_047.jpg
357502.75857107,3462293.23502392,57.153,SW205_07-12F_c_048.jpg
357502.739983444,3462293.2685366,57.164,SW205_07-12F_c_049.jpg
357502.721395818,3462293.30204928,57.198,SW205_07-12F_c_050.jpg
357502.721245374,3462293.29096452,57.184,SW205_07-12F_c_051.jpg
357502.749352479,3462293.25732264,57.179,SW205_07-12F_c_052.jpg
357502.777760472,3462293.24585028,57.194,SW205_07-12F_c_053.jpg
357502.796348096,3462293.2123376,57.202,SW205_07-12F_c_054.jpg
357502.768090548,3462293.23489472,57.191,SW205_07-12F_c_055.jpg
357502.691934723,3462293.23592831,57.202,SW205_07-12F_c_056.jpg
357502.720493158,3462293.23554072,57.197,SW205_07-12F_c_057.jpg
357502.749051592,3462293.23515312,57.188,SW205_07-12F_c_058.jpg
357502.78682862,3462293.2124668,57.184,SW205_07-12F_c_059.jpg
357502.777309142,3462293.212596,57.186,SW205_07-12F_c_060.jpg
357502.758270184,3462293.2128544,57.171,SW205_07-12F_c_061.jpg
357502.739231227,3462293.2131128,57.175,SW205_07-12F_c_062.jpg
357502.739381671,3462293.22419756,57.203,SW205_07-12F_c_063.jpg
357502.730313522,3462293.25758104,57.175,SW205_07-12F_c_064.jpg
357502.710823236,3462293.22458515,57.161,SW205_07-12F_c_065.jpg
357502.653555922,3462293.21427559,57.166,SW205_07-12F_c_066.jpg
357502.663225846,3462293.22523115,57.2,SW205_07-12F_c_067.jpg
357502.681963913,3462293.20280323,57.197,SW205_07-12F_c_068.jpg
357502.729109976,3462293.16890295,57.19,SW205_07-12F_c_069.jpg
357502.748299376,3462293.17972931,57.178,SW205_07-12F_c_070.jpg
357502.796498539,3462293.22342236,57.146,SW205_07-12F_c_071.jpg
357502.815687941,3462293.23424873,57.147,SW205_07-12F_c_072.jpg
357502.768090548,3462293.23489472,57.172,SW205_07-12F_c_073.jpg
357502.787129507,3462293.23463632,57.188,SW205_07-12F_c_074.jpg
357502.786979064,3462293.22355156,57.173,SW205_07-12F_c_075.jpg
357502.758721513,3462293.24610868,57.166,SW205_07-12F_c_076.jpg
357502.758721513,3462293.24610868,57.166,SW205_07-12F_c_077.jpg
357495.95555267,3462273.93653909,57.176,SW205_07-12F_d_001.jpg
357495.926542834,3462273.90367242,57.157,SW205_07-12F_d_002.jpg
357495.888314401,3462273.89310448,57.179,SW205_07-12F_d_003.jpg
357495.84056647,3462273.88266574,57.183,SW205_07-12F_d_004.jpg
357495.830746075,3462273.86062543,57.161,SW205_07-12F_d_005.jpg
357495.811556633,3462273.84979908,57.177,SW205_07-12F_d_006.jpg
357495.849935516,3462273.87145178,57.191,SW205_07-12F_d_007.jpg
357495.897683447,3462273.88189051,57.174,SW205_07-12F_d_008.jpg
357495.926392384,3462273.89258766,57.182,SW205_07-12F_d_009.jpg
357495.907654292,3462273.91501559,57.182,SW205_07-12F_d_010.jpg
357495.917023338,3462273.90380162,57.181,SW205_07-12F_d_011.jpg
357495.887562153,3462273.83768068,57.186,SW205_07-12F_d_012.jpg
357495.867770914,3462273.78251528,57.174,SW205_07-12F_d_013.jpg
357495.877892206,3462273.82672512,57.175,SW205_07-12F_d_014.jpg
357495.878494004,3462273.87106416,57.186,SW205_07-12F_d_015.jpg
357495.869425859,3462273.90444765,57.166,SW205_07-12F_d_016.jpg
357495.869576308,3462273.91553241,57.172,SW205_07-12F_d_017.jpg
357495.878042655,3462273.83780988,57.165,SW205_07-12F_d_018.jpg
357495.934557835,3462273.79269561,57.16,SW205_07-12F_d_019.jpg
357496.000893411,3462273.76962166,57.16,SW205_07-12F_d_020.jpg
357495.963116323,3462273.79230799,57.182,SW205_07-12F_d_021.jpg
357495.954198625,3462273.83677624,57.178,SW205_07-12F_d_022.jpg
357495.954800423,3462273.88111529,57.168,SW205_07-12F_d_023.jpg
357495.926392384,3462273.89258766,57.176,SW205_07-12F_d_024.jpg
357495.898586144,3462273.94839908,57.164,SW205_07-12F_d_025.jpg
357495.917173788,3462273.91488639,57.173,SW205_07-12F_d_026.jpg
357495.907654292,3462273.91501559,57.18,SW205_07-12F_d_027.jpg
357495.898435695,3462273.93731432,57.165,SW205_07-12F_d_028.jpg
357495.945130477,3462273.87015973,57.158,SW205_07-12F_d_029.jpg
357495.97293672,3462273.81434831,57.161,SW205_07-12F_d_030.jpg
357495.982305767,3462273.80313435,57.157,SW205_07-12F_d_031.jpg
357495.944679129,3462273.83690545,57.171,SW205_07-12F_d_032.jpg
357495.973538518,3462273.85868735,57.172,SW205_07-12F_d_033.jpg
357496.0205342,3462273.81370229,57.175,SW205_07-12F_d_034.jpg
357495.964169469,3462273.86990132,57.182,SW205_07-12F_d_035.jpg
357495.917324237,3462273.92597115,57.171,SW205_07-12F_d_036.jpg
357495.927144632,3462273.94801146,57.185,SW205_07-12F_d_037.jpg
357495.936363229,3462273.92571274,57.17,SW205_07-12F_d_038.jpg
357495.926994182,3462273.9369267,57.163,SW205_07-12F_d_039.jpg
357496.002698803,3462273.90263878,57.169,SW205_07-12F_d_040.jpg
357496.068883926,3462273.86848007,57.168,SW205_07-12F_d_041.jpg
357496.134768154,3462273.81215183,57.157,SW205_07-12F_d_042.jpg
357496.172093891,3462273.75621121,57.169,SW205_07-12F_d_043.jpg
357496.115277814,3462273.77915596,57.15,SW205_07-12F_d_044.jpg
357496.020835099,3462273.83587181,57.164,SW205_07-12F_d_045.jpg
357495.945732275,3462273.91449877,57.145,SW205_07-12F_d_046.jpg
357495.869726758,3462273.92661717,57.163,SW205_07-12F_d_047.jpg
357495.897984346,3462273.90406003,57.153,SW205_07-12F_d_048.jpg
357495.973839417,3462273.88085688,57.159,SW205_07-12F_d_049.jpg
357495.974290765,3462273.91411116,57.185,SW205_07-12F_d_050.jpg
357496.030956392,3462273.88008165,57.192,SW205_07-12F_d_051.jpg
357496.059665329,3462273.89077879,57.185,SW205_07-12F_d_052.jpg
357496.145340794,3462273.88961595,57.185,SW205_07-12F_d_053.jpg
357496.212127717,3462273.89979628,57.184,SW205_07-12F_d_054.jpg
357496.079306118,3462273.93485943,57.174,SW205_07-12F_d_055.jpg
357496.022640491,3462273.96888894,57.181,SW205_07-12F_d_056.jpg
357496.1269036,3462273.93421341,57.18,SW205_07-12F_d_057.jpg
357496.212278166,3462273.91088104,57.182,SW205_07-12F_d_058.jpg
357496.249754353,3462273.86602518,57.191,SW205_07-12F_d_059.jpg
357496.116631858,3462273.87891881,57.19,SW205_07-12F_d_060.jpg
357496.012218299,3462273.90250958,57.173,SW205_07-12F_d_061.jpg
357496.030956392,3462273.88008165,57.19,SW205_07-12F_d_062.jpg
357496.05936443,3462273.86860927,57.178,SW205_07-12F_d_063.jpg
357496.116631858,3462273.87891881,57.176,SW205_07-12F_d_064.jpg
357496.097442416,3462273.86809245,57.181,SW205_07-12F_d_065.jpg
357496.002698803,3462273.90263878,57.184,SW205_07-12F_d_066.jpg
357495.926843733,3462273.92584194,57.171,SW205_07-12F_d_067.jpg
357495.945882725,3462273.92558353,57.178,SW205_07-12F_d_068.jpg
357495.93606233,3462273.90354322,57.174,SW205_07-12F_d_069.jpg
357495.917324237,3462273.92597115,57.149,SW205_07-12F_d_070.jpg
357495.889066649,3462273.94852828,57.166,SW205_07-12F_d_071.jpg
357495.870027657,3462273.94878669,57.168,SW205_07-12F_d_072.jpg
357495.926994182,3462273.9369267,57.165,SW205_07-12F_d_073.jpg
357495.898736594,3462273.95948384,57.16,SW205_07-12F_d_074.jpg
357495.8796976,3462273.95974225,57.172,SW205_07-12F_d_075.jpg
357495.898736594,3462273.95948384,57.2,SW205_07-12F_d_076.jpg
357495.898586144,3462273.94839908,57.203,SW205_07-12F_d_077.jpg
357495.8796976,3462273.95974225,57.186,SW205_07-12F_d_078.jpg
357495.879998499,3462273.98191177,57.181,SW205_07-12F_d_079.jpg
357495.860508161,3462273.9489159,57.19,SW205_07-12F_d_080.jpg
357495.851139112,3462273.96012986,57.2,SW205_07-12F_d_081.jpg
357495.832551469,3462273.99364255,57.197,SW205_07-12F_d_082.jpg
357495.851289562,3462273.97121462,57.206,SW205_07-12F_d_083.jpg
357495.879396701,3462273.93757273,57.2,SW205_07-12F_d_084.jpg
357495.860658611,3462273.96000066,57.191,SW205_07-12F_d_085.jpg
357495.841619617,3462273.96025907,57.191,SW205_07-12F_d_086.jpg
357495.794323037,3462273.98307461,57.189,SW205_07-12F_d_087.jpg
357495.776036293,3462274.03875683,57.189,SW205_07-12F_d_088.jpg
357497.91284898,3462272.93433497,85.311,SW205_13-18F_e_001.jpg
357497.91284898,3462272.93433497,85.289,SW205_13-18F_e_002.jpg
357497.941708365,3462272.95611688,85.282,SW205_13-18F_e_003.jpg
357497.960747358,3462272.95585848,85.296,SW205_13-18F_e_004.jpg
357497.941708365,3462272.95611688,85.288,SW205_13-18F_e_005.jpg
357497.932188868,3462272.95624608,85.291,SW205_13-18F_e_006.jpg
357497.88489228,3462272.97906162,85.298,SW205_13-18F_e_007.jpg
357497.865702836,3462272.96823527,85.311,SW205_13-18F_e_008.jpg
357497.875071888,3462272.9570213,85.295,SW205_13-18F_e_009.jpg
357497.922518924,3462272.94529053,85.292,SW205_13-18F_e_010.jpg
357497.931887974,3462272.93407656,85.314,SW205_13-18F_e_011.jpg
357497.932339315,3462272.96733085,85.278,SW205_13-18F_e_012.jpg
357497.90408172,3462272.98988797,85.281,SW205_13-18F_e_013.jpg
357497.90468351,3462273.03422702,85.259,SW205_13-18F_e_014.jpg
357497.932790657,3462273.00058513,85.282,SW205_13-18F_e_015.jpg
357497.951378309,3462272.96707244,85.271,SW205_13-18F_e_016.jpg
357497.93264021,3462272.98950037,85.273,SW205_13-18F_e_017.jpg
357497.932790657,3462273.00058513,85.28,SW205_13-18F_e_018.jpg
357497.90408172,3462272.98988797,85.292,SW205_13-18F_e_019.jpg
357497.923120713,3462272.98962957,85.291,SW205_13-18F_e_020.jpg
357497.932489763,3462272.97841561,85.274,SW205_13-18F_e_021.jpg
357497.913300322,3462272.96758925,85.294,SW205_13-18F_e_022.jpg
357497.903630378,3462272.95663369,85.294,SW205_13-18F_e_023.jpg
357497.894110879,3462272.9567629,85.274,SW205_13-18F_e_024.jpg
357497.951378309,3462272.96707244,85.27,SW205_13-18F_e_025.jpg
357497.96996596,3462272.93355975,85.273,SW205_13-18F_e_026.jpg
357497.932038421,3462272.94516132,85.289,SW205_13-18F_e_027.jpg
357497.875071888,3462272.9570213,85.287,SW205_13-18F_e_028.jpg
357497.874620546,3462272.92376702,85.301,SW205_13-18F_e_029.jpg
357497.912397638,3462272.90108069,85.274,SW205_13-18F_e_030.jpg
357497.941257023,3462272.9228626,85.308,SW205_13-18F_e_031.jpg
357497.894411774,3462272.97893242,85.287,SW205_13-18F_e_032.jpg
357497.856484235,3462272.99053399,85.273,SW205_13-18F_e_033.jpg
357497.846964738,3462272.99066319,85.282,SW205_13-18F_e_034.jpg
357497.922819819,3462272.96746005,85.313,SW205_13-18F_e_035.jpg
357497.951227861,3462272.95598768,85.296,SW205_13-18F_e_036.jpg
357497.932339315,3462272.96733085,85.305,SW205_13-18F_e_037.jpg
357497.904232168,3462273.00097274,85.284,SW205_13-18F_e_038.jpg
357497.87552323,3462272.99027558,85.293,SW205_13-18F_e_039.jpg
357497.885042727,3462272.99014638,85.304,SW205_13-18F_e_040.jpg
357497.913450769,3462272.97867401,85.302,SW205_13-18F_e_041.jpg
357497.941708365,3462272.95611688,85.295,SW205_13-18F_e_042.jpg
357497.932339315,3462272.96733085,85.301,SW205_13-18F_e_043.jpg
357497.941858812,3462272.96720164,85.298,SW205_13-18F_e_044.jpg
357497.941858812,3462272.96720164,85.29,SW205_13-18F_e_045.jpg
357497.913450769,3462272.97867401,85.283,SW205_13-18F_e_046.jpg
357497.932790657,3462273.00058513,85.293,SW205_13-18F_e_047.jpg
357497.913751664,3462273.00084353,85.296,SW205_13-18F_e_048.jpg
357497.951528756,3462272.9781572,85.307,SW205_13-18F_e_049.jpg
357497.923421608,3462273.01179909,85.313,SW205_13-18F_e_050.jpg
357497.93264021,3462272.98950037,85.318,SW205_13-18F_e_051.jpg
357497.903780825,3462272.96771845,85.333,SW205_13-18F_e_052.jpg
357497.893809984,3462272.93459338,85.318,SW205_13-18F_e_053.jpg
357497.922218029,3462272.92312101,85.298,SW205_13-18F_e_054.jpg
357497.931587079,3462272.91190704,85.303,SW205_13-18F_e_055.jpg
357497.950926967,3462272.93381816,85.292,SW205_13-18F_e_056.jpg
357497.922669371,3462272.95637529,85.292,SW205_13-18F_e_057.jpg
357497.88489228,3462272.97906162,85.315,SW205_13-18F_e_058.jpg
357497.885042727,3462272.99014638,85.286,SW205_13-18F_e_059.jpg
357497.923271161,3462273.00071433,85.272,SW205_13-18F_e_060.jpg
357497.913300322,3462272.96758925,85.273,SW205_13-18F_e_061.jpg
357497.913300322,3462272.96758925,85.284,SW205_13-18F_e_062.jpg
357497.90408172,3462272.98988797,85.268,SW205_13-18F_e_063.jpg
357497.922970266,3462272.97854481,85.282,SW205_13-18F_e_064.jpg
357497.941708365,3462272.95611688,85.286,SW205_13-18F_e_065.jpg
357497.923271161,3462273.00071433,85.262,SW205_13-18F_e_066.jpg
357497.895013563,3462273.02327146,85.266,SW205_13-18F_e_067.jpg
357497.885343622,3462273.0123159,85.281,SW205_13-18F_e_068.jpg
357497.923120713,3462272.98962957,85.296,SW205_13-18F_e_069.jpg
357497.942009259,3462272.9782864,85.291,SW205_13-18F_e_070.jpg
357497.941858812,3462272.96720164,85.296,SW205_13-18F_e_071.jpg
357497.90408172,3462272.98988797,85.281,SW205_13-18F_e_072.jpg
357497.894562221,3462272.99001718,85.296,SW205_13-18F_e_073.jpg
357497.894712668,3462273.00110194,85.324,SW205_13-18F_e_074.jpg
357497.922669371,3462272.95637529,85.311,SW205_13-18F_e_075.jpg
357497.951528756,3462272.9781572,85.287,SW205_13-18F_e_076.jpg
357497.979635904,3462272.94451531,85.285,SW205_13-18F_e_077.jpg
357497.941708365,3462272.95611688,85.296,SW205_13-18F_e_078.jpg
357497.923120713,3462272.98962957,85.304,SW205_13-18F_e_079.jpg
357497.90408172,3462272.98988797,85.328,SW205_13-18F_e_080.jpg
357497.904382615,3462273.0120575,85.325,SW205_13-18F_e_081.jpg
357497.855882445,3462272.94619495,85.296,SW205_13-18F_e_082.jpg
357497.894110879,3462272.9567629,85.295,SW205_13-18F_e_083.jpg
357497.864649705,3462272.89064194,85.288,SW205_13-18F_e_084.jpg
357497.884440937,3462272.94580734,85.306,SW205_13-18F_e_085.jpg
357497.885042727,3462272.99014638,85.292,SW205_13-18F_e_086.jpg
357497.904382615,3462273.0120575,85.297,SW205_13-18F_e_087.jpg
357497.923120713,3462272.98962957,85.298,SW205_13-18F_e_088.jpg
357504.176019728,3462288.93628051,85.278,SW205_13-18F_f_001.jpg
357504.194757806,3462288.91385259,85.271,SW205_13-18F_f_002.jpg
357504.185238327,3462288.91398179,85.289,SW205_13-18F_f_003.jpg
357504.204277291,3462288.91372339,85.279,SW205_13-18F_f_004.jpg
357504.185388768,3462288.92506655,85.276,SW205_13-18F_f_005.jpg
357504.194456923,3462288.89168307,85.279,SW205_13-18F_f_006.jpg
357504.213345448,3462288.88033991,85.282,SW205_13-18F_f_007.jpg
357504.194607365,3462288.90276783,85.28,SW205_13-18F_f_008.jpg
357504.137791356,3462288.92571254,85.277,SW205_13-18F_f_009.jpg
357504.146859513,3462288.89232906,85.296,SW205_13-18F_f_010.jpg
357504.19415604,3462288.86951355,85.281,SW205_13-18F_f_011.jpg
357504.194306482,3462288.88059831,85.291,SW205_13-18F_f_012.jpg
357504.184787002,3462288.88072751,85.285,SW205_13-18F_f_013.jpg
357504.165748036,3462288.8809859,85.284,SW205_13-18F_f_014.jpg
357504.137791356,3462288.92571254,85.307,SW205_13-18F_f_015.jpg
357504.16619936,3462288.91424018,85.313,SW205_13-18F_f_016.jpg
357504.185087885,3462288.90289703,85.291,SW205_13-18F_f_017.jpg
357504.194607365,3462288.90276783,85.268,SW205_13-18F_f_018.jpg
357504.194456923,3462288.89168307,85.288,SW205_13-18F_f_019.jpg
357504.194757806,3462288.91385259,85.294,SW205_13-18F_f_020.jpg
357504.21349589,3462288.89142468,85.275,SW205_13-18F_f_021.jpg
357504.203675525,3462288.86938435,85.301,SW205_13-18F_f_022.jpg
357504.232534854,3462288.89116628,85.281,SW205_13-18F_f_023.jpg
357504.204126849,3462288.90263863,85.288,SW205_13-18F_f_024.jpg
357504.156980762,3462288.9365389,85.279,SW205_13-18F_f_025.jpg
357504.14746128,3462288.9366681,85.275,SW205_13-18F_f_026.jpg
357504.15683032,3462288.92545414,85.28,SW205_13-18F_f_027.jpg
357504.156529437,3462288.90328462,85.288,SW205_13-18F_f_028.jpg
357504.16619936,3462288.91424018,85.292,SW205_13-18F_f_029.jpg
357504.156529437,3462288.90328462,85.298,SW205_13-18F_f_030.jpg
357504.156378995,3462288.89219986,85.291,SW205_13-18F_f_031.jpg
357504.175568403,3462288.90302623,85.276,SW205_13-18F_f_032.jpg
357504.194607365,3462288.90276783,85.299,SW205_13-18F_f_033.jpg
357504.185087885,3462288.90289703,85.285,SW205_13-18F_f_034.jpg
357504.175568403,3462288.90302623,85.288,SW205_13-18F_f_035.jpg
357504.166048919,3462288.90315542,85.3,SW205_13-18F_f_036.jpg
357504.185238327,3462288.91398179,85.286,SW205_13-18F_f_037.jpg
357504.213044565,3462288.85817039,85.307,SW205_13-18F_f_038.jpg
357504.21349589,3462288.89142468,85.303,SW205_13-18F_f_039.jpg
357504.194456923,3462288.89168307,85.285,SW205_13-18F_f_040.jpg
357504.203976408,3462288.89155387,85.287,SW205_13-18F_f_041.jpg
357504.203976408,3462288.89155387,85.289,SW205_13-18F_f_042.jpg
357504.19415604,3462288.86951355,85.295,SW205_13-18F_f_043.jpg
357504.175718845,3462288.91411099,85.278,SW205_13-18F_f_044.jpg
357504.185238327,3462288.91398179,85.282,SW205_13-18F_f_045.jpg
357504.213195007,3462288.86925515,85.309,SW205_13-18F_f_046.jpg
357504.203976408,3462288.89155387,85.292,SW205_13-18F_f_047.jpg
357504.195058689,3462288.93602211,85.293,SW205_13-18F_f_048.jpg
357504.18553921,3462288.93615131,85.297,SW205_13-18F_f_049.jpg
357504.194908248,3462288.92493735,85.303,SW205_13-18F_f_050.jpg
357504.204277291,3462288.91372339,85.278,SW205_13-18F_f_051.jpg
357504.185087885,3462288.90289703,85.295,SW205_13-18F_f_052.jpg
357504.175718845,3462288.91411099,85.297,SW205_13-18F_f_053.jpg
357504.194456923,3462288.89168307,85.296,SW205_13-18F_f_054.jpg
357504.213646331,3462288.90250944,85.296,SW205_13-18F_f_055.jpg
357504.223316255,3462288.913465,85.294,SW205_13-18F_f_056.jpg
357504.213345448,3462288.88033991,85.302,SW205_13-18F_f_057.jpg
357504.166048919,3462288.90315542,85.277,SW205_13-18F_f_058.jpg
357504.185388768,3462288.92506655,85.276,SW205_13-18F_f_059.jpg
357504.194757806,3462288.91385259,85.292,SW205_13-18F_f_060.jpg
357504.204427732,3462288.92480816,101.927,SW205_19-21F_g_001.jpg
357504.194306482,3462288.88059831,101.932,SW205_19-21F_g_002.jpg
357504.193554274,3462288.82517451,101.952,SW205_19-21F_g_003.jpg
357504.24145257,3462288.84669804,101.945,SW205_19-21F_g_004.jpg
357504.232534854,3462288.89116628,101.939,SW205_19-21F_g_005.jpg
357504.203976408,3462288.89155387,101.928,SW205_19-21F_g_006.jpg
357504.194757806,3462288.91385259,101.947,SW205_19-21F_g_007.jpg
357504.175417962,3462288.89194147,101.944,SW205_19-21F_g_008.jpg
357504.175718845,3462288.91411099,101.927,SW205_19-21F_g_009.jpg
357504.185238327,3462288.91398179,101.938,SW205_19-21F_g_010.jpg
357504.185238327,3462288.91398179,101.949,SW205_19-21F_g_011.jpg
357504.16619936,3462288.91424018,101.934,SW205_19-21F_g_012.jpg
357504.175869286,3462288.92519575,101.965,SW205_19-21F_g_013.jpg
357504.185087885,3462288.90289703,101.968,SW205_19-21F_g_014.jpg
357504.194908248,3462288.92493735,101.956,SW205_19-21F_g_015.jpg
357504.195058689,3462288.93602211,101.956,SW205_19-21F_g_016.jpg
357504.18553921,3462288.93615131,101.943,SW205_19-21F_g_017.jpg
357504.185388768,3462288.92506655,101.95,SW205_19-21F_g_018.jpg
357504.185388768,3462288.92506655,101.96,SW205_19-21F_g_019.jpg
357504.176019728,3462288.93628051,101.959,SW205_19-21F_g_020.jpg
357504.166500244,3462288.93640971,101.925,SW205_19-21F_g_021.jpg
357504.185388768,3462288.92506655,101.943,SW205_19-21F_g_022.jpg
357504.204277291,3462288.91372339,101.959,SW205_19-21F_g_023.jpg
357504.242355219,3462288.9132066,101.943,SW205_19-21F_g_024.jpg
357504.213646331,3462288.90250944,101.935,SW205_19-21F_g_025.jpg
357504.194757806,3462288.91385259,101.952,SW205_19-21F_g_026.jpg
357504.195209131,3462288.94710687,101.929,SW205_19-21F_g_027.jpg
357504.185388768,3462288.92506655,101.936,SW205_19-21F_g_028.jpg
357504.194456923,3462288.89168307,101.939,SW205_19-21F_g_029.jpg
357504.204126849,3462288.90263863,101.94,SW205_19-21F_g_030.jpg
357504.175718845,3462288.91411099,101.951,SW205_19-21F_g_031.jpg
357504.184937444,3462288.89181227,101.958,SW205_19-21F_g_032.jpg
357504.194306482,3462288.88059831,101.969,SW205_19-21F_g_033.jpg
357504.194456923,3462288.89168307,101.963,SW205_19-21F_g_034.jpg
357504.166349802,3462288.92532495,101.967,SW205_19-21F_g_035.jpg
357504.16619936,3462288.91424018,101.961,SW205_19-21F_g_036.jpg
357504.137941798,3462288.9367973,101.947,SW205_19-21F_g_037.jpg
357504.185388768,3462288.92506655,101.943,SW205_19-21F_g_038.jpg
357504.203825966,3462288.88046911,101.954,SW205_19-21F_g_039.jpg
357504.213796773,3462288.9135942,101.943,SW205_19-21F_g_040.jpg
357504.185689652,3462288.94723607,101.951,SW205_19-21F_g_041.jpg
357504.138242681,3462288.95896682,101.952,SW205_19-21F_g_042.jpg
357504.156529437,3462288.90328462,101.946,SW205_19-21F_g_043.jpg
357504.185087885,3462288.90289703,101.948,SW205_19-21F_g_044.jpg
357504.185087885,3462288.90289703,101.943,SW205_19-21F_g_045.jpg
357504.195359573,3462288.95819164,101.964,SW205_19-21F_g_046.jpg
357504.185840093,3462288.95832083,101.972,SW205_19-21F_g_047.jpg
357504.194908248,3462288.92493735,101.956,SW205_19-21F_g_048.jpg
357498.795220963,3462274.10864693,101.931,SW205_19-21F_h_001.jpg
357498.795521856,3462274.13081645,101.953,SW205_19-21F_h_002.jpg
357498.776633311,3462274.14215961,101.942,SW205_19-21F_h_003.jpg
357498.766662476,3462274.10903454,101.961,SW205_19-21F_h_004.jpg
357498.757744767,3462274.15350278,101.945,SW205_19-21F_h_005.jpg
357498.757443874,3462274.13133326,101.972,SW205_19-21F_h_006.jpg
357498.756992534,3462274.09807898,101.967,SW205_19-21F_h_007.jpg
357498.757293427,3462274.1202485,101.969,SW205_19-21F_h_008.jpg
357498.757443874,3462274.13133326,101.953,SW205_19-21F_h_009.jpg
357498.738404882,3462274.13159166,101.961,SW205_19-21F_h_010.jpg
357498.719516338,3462274.14293483,101.955,SW205_19-21F_h_011.jpg
357498.719365891,3462274.13185007,101.96,SW205_19-21F_h_012.jpg
357498.719365891,3462274.13185007,101.952,SW205_19-21F_h_013.jpg
357498.738856222,3462274.16484595,101.96,SW205_19-21F_h_014.jpg
357498.729336726,3462274.16497515,101.987,SW205_19-21F_h_015.jpg
357498.738404882,3462274.13159166,101.955,SW205_19-21F_h_016.jpg
357498.776482865,3462274.13107486,101.982,SW205_19-21F_h_017.jpg
357498.766812923,3462274.1201193,101.963,SW205_19-21F_h_018.jpg
357498.76651203,3462274.09794978,101.952,SW205_19-21F_h_019.jpg
357498.75714298,3462274.10916374,101.957,SW205_19-21F_h_020.jpg
357498.728283601,3462274.08738182,101.96,SW205_19-21F_h_021.jpg
357498.709395054,3462274.09872499,101.942,SW205_19-21F_h_022.jpg
357498.776031525,3462274.09782057,101.949,SW205_19-21F_h_023.jpg
357498.747773931,3462274.1203777,101.939,SW205_19-21F_h_024.jpg
357498.710147286,3462274.15414879,101.947,SW205_19-21F_h_025.jpg
357498.662399362,3462274.14371004,101.953,SW205_19-21F_h_026.jpg
357498.671768411,3462274.13249608,101.978,SW205_19-21F_h_027.jpg
357498.776633311,3462274.14215961,101.963,SW205_19-21F_h_028.jpg
357498.776031525,3462274.09782057,101.962,SW205_19-21F_h_029.jpg
357498.765910244,3462274.05361073,101.955,SW205_19-21F_h_030.jpg
357498.700026007,3462274.10993895,101.952,SW205_19-21F_h_031.jpg
357498.709695947,3462274.12089451,101.954,SW205_19-21F_h_032.jpg
357498.757293427,3462274.1202485,101.929,SW205_19-21F_h_033.jpg
357498.766662476,3462274.10903454,101.938,SW205_19-21F_h_034.jpg
357498.699725114,3462274.08776943,101.964,SW205_19-21F_h_035.jpg
357498.700176454,3462274.12102371,101.948,SW205_19-21F_h_036.jpg
